Classi di reddito complessivo in euro;Codice;Numero contribuenti;Reddito dominicale - Frequenza;Reddito dominicale - Ammontare;Reddito dominicale - Media;Reddito agrario - Frequenza;Reddito agrario - Ammontare;Reddito agrario - Media;Reddito di allevamento e produzione di vegetali - Frequenza;Reddito di allevamento e produzione di vegetali - Ammontare;Reddito di allevamento e produzione di vegetali - Media;Reddito da fabbricati - Frequenza;Reddito da fabbricati - Ammontare;Reddito da fabbricati - Media;Reddito da lavoro dipendente e assimilati - Frequenza;Reddito da lavoro dipendente e assimilati - Ammontare;Reddito da lavoro dipendente e assimilati - Media;Reddito da pensione - Frequenza;Reddito da pensione - Ammontare;Reddito da pensione - Media;Altri redditi assimilati al lavoro dipendente - Frequenza;Altri redditi assimilati al lavoro dipendente - Ammontare;Altri redditi assimilati al lavoro dipendente - Media;Reddito da lavoro autonomo* - Frequenza;Reddito da lavoro autonomo* - Ammontare;Reddito da lavoro autonomo* - Media;Perdita da lavoro autonomo - Frequenza;Perdita da lavoro autonomo - Ammontare;Perdita da lavoro autonomo - Media;Altri redditi da lavoro autonomo provvigioni e redditi diversi da Mod. CU - Frequenza;Altri redditi da lavoro autonomo provvigioni e redditi diversi da Mod. CU - Ammontare;Altri redditi da lavoro autonomo provvigioni e redditi diversi da Mod. CU - Media;Reddito di spettanza dell'imprenditore in contabilita' ordinaria* - Frequenza;Reddito di spettanza dell'imprenditore in contabilita' ordinaria* - Ammontare;Reddito di spettanza dell'imprenditore in contabilita' ordinaria* - Media;Reddito di spettanza dell'imprenditore in contabilita' semplificata* - Frequenza;Reddito di spettanza dell'imprenditore in contabilita' semplificata* - Ammontare;Reddito di spettanza dell'imprenditore in contabilita' semplificata* - Media;Reddito da partecipazione* - Frequenza;Reddito da partecipazione* - Ammontare;Reddito da partecipazione* - Media;Perdita da partecipazione - Frequenza;Perdita da partecipazione - Ammontare;Perdita da partecipazione - Media;Plusvalenze di natura finanziaria - Frequenza;Plusvalenze di natura finanziaria - Ammontare;Plusvalenze di natura finanziaria - Media;Reddito di capitale (sez. IA e IB) - Frequenza;Reddito di capitale (sez. IA e IB) - Ammontare;Reddito di capitale (sez. IA e IB) - Media;Redditi diversi - Frequenza;Redditi diversi - Ammontare;Redditi diversi - Media;Altri redditi da lavoro autonomo e redditi da recupero start up - Frequenza;Altri redditi da lavoro autonomo e redditi da recupero start up - Ammontare;Altri redditi da lavoro autonomo e redditi da recupero start up - Media;Tassazione separata con opzione tassazione ordinaria - Frequenza;Tassazione separata con opzione tassazione ordinaria - Ammontare;Tassazione separata con opzione tassazione ordinaria - Media;Reddito da lavoro autonomo con continuita' (*) - Frequenza;Reddito da lavoro autonomo con continuita' (*) - Ammontare;Reddito da lavoro autonomo con continuita' (*) - Media;Perdita da lavoro autonomo con continuita' - Frequenza;Perdita da lavoro autonomo con continuita' - Ammontare;Perdita da lavoro autonomo con continuita' - Media;Reddito di impresa in contabilita' ordinaria con continuita'  (*) (1) - Frequenza;Reddito di impresa in contabilita' ordinaria con continuita'  (*) (1) - Ammontare;Reddito di impresa in contabilita' ordinaria con continuita'  (*) (1) - Media;Perdita di impresa in contabilita' ordinaria con continuita' - Frequenza;Perdita di impresa in contabilita' ordinaria con continuita' - Ammontare;Perdita di impresa in contabilita' ordinaria con continuita' - Media;Reddito di spettanza dell'imprenditore in contabilita' ordinaria con continuita'  (*) - Frequenza;Reddito di spettanza dell'imprenditore in contabilita' ordinaria con continuita'  (*) - Ammontare;Reddito di spettanza dell'imprenditore in contabilita' ordinaria con continuita'  (*) - Media;Reddito di impresa in contabilita' semplificata con continuita' (*) (2) - Frequenza;Reddito di impresa in contabilita' semplificata con continuita' (*) (2) - Ammontare;Reddito di impresa in contabilita' semplificata con continuita' (*) (2) - Media;Perdita di impresa in contabilita' semplificata con continuita' - Frequenza;Perdita di impresa in contabilita' semplificata con continuita' - Ammontare;Perdita di impresa in contabilita' semplificata con continuita' - Media;Reddito di spettanza dell'imprenditore in contabilita' semplificata con continuita' (*) - Frequenza;Reddito di spettanza dell'imprenditore in contabilita' semplificata con continuita' (*) - Ammontare;Reddito di spettanza dell'imprenditore in contabilita' semplificata con continuita' (*) - Media;Reddito di impresa in contabilita' ordinaria (*) (1) - Frequenza;Reddito di impresa in contabilita' ordinaria (*) (1) - Ammontare;Reddito di impresa in contabilita' ordinaria (*) (1) - Media;Perdita di impresa in contabilita' ordinaria - Frequenza;Perdita di impresa in contabilita' ordinaria - Ammontare;Perdita di impresa in contabilita' ordinaria - Media;Reddito di impresa in contabilita' semplificata (*) (2) - Frequenza;Reddito di impresa in contabilita' semplificata (*) (2) - Ammontare;Reddito di impresa in contabilita' semplificata (*) (2) - Media;Perdita di impresa in contabilita' semplificata - Frequenza;Perdita di impresa in contabilita' semplificata - Ammontare;Perdita di impresa in contabilita' semplificata - Media;Imponibile Cedolare secca al 21% (Redditi dei fabbricati) - Frequenza;Imponibile Cedolare secca al 21% (Redditi dei fabbricati) - Ammontare;Imponibile Cedolare secca al 21% (Redditi dei fabbricati) - Media;Imponibile Cedolare secca al 10% (Redditi dei fabbricati) - Frequenza;Imponibile Cedolare secca al 10% (Redditi dei fabbricati) - Ammontare;Imponibile Cedolare secca al 10% (Redditi dei fabbricati) - Media;Imponibile Cedolare secca al 21% (Redditi diversi) - Frequenza;Imponibile Cedolare secca al 21% (Redditi diversi) - Ammontare;Imponibile Cedolare secca al 21% (Redditi diversi) - Media;Totale imposta cedolare secca - Frequenza;Totale imposta cedolare secca - Ammontare;Totale imposta cedolare secca - Media;Premi di produttivita' (a tassazione sostitutiva) - Frequenza;Premi di produttivita' (a tassazione sostitutiva) - Ammontare;Premi di produttivita' (a tassazione sostitutiva) - Media;Benefit - Frequenza;Benefit - Ammontare;Benefit - Media;Redditi fondiari non imponibili - Frequenza;Redditi fondiari non imponibili - Ammontare;Redditi fondiari non imponibili - Media;Reddito abitazione principale e pertinenze soggette a IMU - Frequenza;Reddito abitazione principale e pertinenze soggette a IMU - Ammontare;Reddito abitazione principale e pertinenze soggette a IMU - Media;Reddito complessivo - Frequenza;Reddito complessivo - Ammontare;Reddito complessivo - Media;Reddito complessivo al netto della cedolare secca - Frequenza;Reddito complessivo al netto della cedolare secca - Ammontare;Reddito complessivo al netto della cedolare secca - Media;Deduzione per abitazione principale - Frequenza;Deduzione per abitazione principale - Ammontare;Deduzione per abitazione principale - Media;Oneri deducibili - Frequenza;Oneri deducibili - Ammontare;Oneri deducibili - Media;Reddito imponibile - Frequenza;Reddito imponibile - Ammontare;Reddito imponibile - Media;Imposta lorda - Frequenza;Imposta lorda - Ammontare;Imposta lorda - Media;Detrazioni d'imposta - Frequenza;Detrazioni d'imposta - Ammontare;Detrazioni d'imposta - Media;Imposta netta - Frequenza;Imposta netta - Ammontare;Imposta netta - Media;Crediti d'imposta e ritenute - Frequenza;Crediti d'imposta e ritenute - Ammontare;Crediti d'imposta e ritenute - Media;Differenza - Frequenza;Differenza - Ammontare;Differenza - Media;Eccedenza d'imposta risultante dalla precedente dichiarazione - Frequenza;Eccedenza d'imposta risultante dalla precedente dichiarazione - Ammontare;Eccedenza d'imposta risultante dalla precedente dichiarazione - Media;Acconti versati - Frequenza;Acconti versati - Ammontare;Acconti versati - Media;Irpef a credito - Frequenza;Irpef a credito - Ammontare;Irpef a credito - Media;Irpef a debito - Frequenza;Irpef a debito - Ammontare;Irpef a debito - Media;Contributi previdenziali ed assistenziali - Frequenza;Contributi previdenziali ed assistenziali - Ammontare;Contributi previdenziali ed assistenziali - Media;Contributi servizi domestici e familiari - Frequenza;Contributi servizi domestici e familiari - Ammontare;Contributi servizi domestici e familiari - Media;Erogazioni a favore istituzioni religiose - Frequenza;Erogazioni a favore istituzioni religiose - Ammontare;Erogazioni a favore istituzioni religiose - Media;Spese mediche per portatori handicap - Frequenza;Spese mediche per portatori handicap - Ammontare;Spese mediche per portatori handicap - Media;Assegno al coniuge - Frequenza;Assegno al coniuge - Ammontare;Assegno al coniuge - Media;Previdenza complementare - Frequenza;Previdenza complementare - Ammontare;Previdenza complementare - Media;Altri oneri deducibili - Frequenza;Altri oneri deducibili - Ammontare;Altri oneri deducibili - Media;Totale oneri deducibili - Frequenza;Totale oneri deducibili - Ammontare;Totale oneri deducibili - Media;Detrazioni per carichi di famiglia - Frequenza;Detrazioni per carichi di famiglia - Ammontare;Detrazioni per carichi di famiglia - Media;Detrazioni per redditi di lavoro dipendente, pensione e redditi assimilati - Frequenza;Detrazioni per redditi di lavoro dipendente, pensione e redditi assimilati - Ammontare;Detrazioni per redditi di lavoro dipendente, pensione e redditi assimilati - Media;Detrazione oneri sez. I del quadro RP - Frequenza;Detrazione oneri sez. I del quadro RP - Ammontare;Detrazione oneri sez. I del quadro RP - Media;Detrazioni per spese recupero patrimonio edilizio (sez. III-A del quadro RP) - Frequenza;Detrazioni per spese recupero patrimonio edilizio (sez. III-A del quadro RP) - Ammontare;Detrazioni per spese recupero patrimonio edilizio (sez. III-A del quadro RP) - Media;Detrazioni per interventi finalizzati al risparmio energetico (sez. IV del quadro RP) - Frequenza;Detrazioni per interventi finalizzati al risparmio energetico (sez. IV del quadro RP) - Ammontare;Detrazioni per interventi finalizzati al risparmio energetico (sez. IV del quadro RP) - Media;Detrazioni per canoni di locazione e affitto terreni (sez. V del quadro RP) - Frequenza;Detrazioni per canoni di locazione e affitto terreni (sez. V del quadro RP) - Ammontare;Detrazioni per canoni di locazione e affitto terreni (sez. V del quadro RP) - Media;Detrazioni arredo, giovani coppie, IVA acquisto abit. classe A/B e altre spese (sez.III C quadro RP) - Frequenza;Detrazioni arredo, giovani coppie, IVA acquisto abit. classe A/B e altre spese (sez.III C quadro RP) - Ammontare;Detrazioni arredo, giovani coppie, IVA acquisto abit. classe A/B e altre spese (sez.III C quadro RP) - Media;Detrazione comparto sicurezza e difesa (sez. VI del quadro RC) - Frequenza;Detrazione comparto sicurezza e difesa (sez. VI del quadro RC) - Ammontare;Detrazione comparto sicurezza e difesa (sez. VI del quadro RC) - Media;Detrazione oneri sez. VI del quadro RP - Frequenza;Detrazione oneri sez. VI del quadro RP - Ammontare;Detrazione oneri sez. VI del quadro RP - Media;Residuo detrazione Start-up periodi precedenti - Frequenza;Residuo detrazione Start-up periodi precedenti - Ammontare;Residuo detrazione Start-up periodi precedenti - Media;Detrazione investimenti start up - Frequenza;Detrazione investimenti start up - Ammontare;Detrazione investimenti start up - Media;Altre detrazioni e crediti d'imposta - Frequenza;Altre detrazioni e crediti d'imposta - Ammontare;Altre detrazioni e crediti d'imposta - Media;Totale spese sanitarie, spese sanitarie per portatori di handicap e acquisto cani guida - Frequenza;Totale spese sanitarie, spese sanitarie per portatori di handicap e acquisto cani guida - Ammontare;Totale spese sanitarie, spese sanitarie per portatori di handicap e acquisto cani guida - Media;Interessi mutui ipotecari abitazione principale stipulati ante 31/12/21 - Frequenza;Interessi mutui ipotecari abitazione principale stipulati ante 31/12/21 - Ammontare;Interessi mutui ipotecari abitazione principale stipulati ante 31/12/21 - Media;Interessi mutui ipotecari abitazione principale stipulati post 31/12/21 - Frequenza;Interessi mutui ipotecari abitazione principale stipulati post 31/12/21 - Ammontare;Interessi mutui ipotecari abitazione principale stipulati post 31/12/21 - Media;Interessi mutui ipotecari altri immobili - Frequenza;Interessi mutui ipotecari altri immobili - Ammontare;Interessi mutui ipotecari altri immobili - Media;Interessi mutui recupero edilizio - Frequenza;Interessi mutui recupero edilizio - Ammontare;Interessi mutui recupero edilizio - Media;Interessi mutui costruzione abitazione principale - Frequenza;Interessi mutui costruzione abitazione principale - Ammontare;Interessi mutui costruzione abitazione principale - Media;Interessi per prestiti o mutui agrari - Frequenza;Interessi per prestiti o mutui agrari - Ammontare;Interessi per prestiti o mutui agrari - Media;Assicurazioni sulla vita, contro infortuni, invalidita' e non autosufficienza - Frequenza;Assicurazioni sulla vita, contro infortuni, invalidita' e non autosufficienza - Ammontare;Assicurazioni sulla vita, contro infortuni, invalidita' e non autosufficienza - Media;Spese per istruzione non universitaria - Frequenza;Spese per istruzione non universitaria - Ammontare;Spese per istruzione non universitaria - Media;Spese per istruzione universitaria - Frequenza;Spese per istruzione universitaria - Ammontare;Spese per istruzione universitaria - Media;Spese funebri - Frequenza;Spese funebri - Ammontare;Spese funebri - Media;Spese per addetti assistenza personale - Frequenza;Spese per addetti assistenza personale - Ammontare;Spese per addetti assistenza personale - Media;Spese intermediazione immobiliare - Frequenza;Spese intermediazione immobiliare - Ammontare;Spese intermediazione immobiliare - Media;Spese attivita' sportive ragazzi - Frequenza;Spese attivita' sportive ragazzi - Ammontare;Spese attivita' sportive ragazzi - Media;Spese locazione per studenti fuori sede - Frequenza;Spese locazione per studenti fuori sede - Ammontare;Spese locazione per studenti fuori sede - Media;Assicurazioni per rischio eventi calamitosi - Frequenza;Assicurazioni per rischio eventi calamitosi - Ammontare;Assicurazioni per rischio eventi calamitosi - Media;Altri oneri detraibili - Frequenza;Altri oneri detraibili - Ammontare;Altri oneri detraibili - Media;Totale oneri detraibili al 19% - Frequenza;Totale oneri detraibili al 19% - Ammontare;Totale oneri detraibili al 19% - Media;Erogazione a favore delle Onlus - Frequenza;Erogazione a favore delle Onlus - Ammontare;Erogazione a favore delle Onlus - Media;Erogazione a favore dei partiti politici - Frequenza;Erogazione a favore dei partiti politici - Ammontare;Erogazione a favore dei partiti politici - Media;Totale oneri detraibili al 26% - Frequenza;Totale oneri detraibili al 26% - Ammontare;Totale oneri detraibili al 26% - Media;Erogazioni liberali a favore di Onlus e APS - Frequenza;Erogazioni liberali a favore di Onlus e APS - Ammontare;Erogazioni liberali a favore di Onlus e APS - Media;Totale oneri detraibili al 30% - Frequenza;Totale oneri detraibili al 30% - Ammontare;Totale oneri detraibili al 30% - Media;Totale oneri detraibili al 35% - Frequenza;Totale oneri detraibili al 35% - Ammontare;Totale oneri detraibili al 35% - Media;Totale oneri detraibili al 90% - Frequenza;Totale oneri detraibili al 90% - Ammontare;Totale oneri detraibili al 90% - Media;Reddito imponibile addizionale - Frequenza;Reddito imponibile addizionale - Ammontare;Reddito imponibile addizionale - Media;Addizionale regionale dovuta - Frequenza;Addizionale regionale dovuta - Ammontare;Addizionale regionale dovuta - Media;Addizionale comunale dovuta - Frequenza;Addizionale comunale dovuta - Ammontare;Addizionale comunale dovuta - Media;Trattamento spettante - Frequenza;Trattamento spettante - Ammontare;Trattamento spettante - Media;Trattamento erogato dal sostituto d'imposta - Frequenza;Trattamento erogato dal sostituto d'imposta - Ammontare;Trattamento erogato dal sostituto d'imposta - Media;Trattamento riconosciuto in dichiarazione - Frequenza;Trattamento riconosciuto in dichiarazione - Ammontare;Trattamento riconosciuto in dichiarazione - Media;Restituzione trattamento non spettante - Frequenza;Restituzione trattamento non spettante - Ammontare;Restituzione trattamento non spettante - Media
minore di -1.000;minore di -1000;2331;271;28;0,1;431;35;0,08;0;0;0;1086;1441;1,33;83;485;5,84;125;2183;17,47;***;***;***;22;316;14,35;2168;28353;13,08;0;0;0;***;***;***;41;75;1,84;137;383;2,8;183;2480;13,55;0;0;0;9;19;2,11;62;207;3,34;32;93;2,9;57;92;1,61;17;279;16,42;1990;25515;12,82;***;***;***;***;***;***;***;***;***;18;91;5,04;23;171;7,44;41;75;1,84;***;***;***;***;***;***;18;91;5,04;23;171;7,44;88;504;5,73;35;185;5,29;0;0;0;119;124;1,05;0;0;0;0;0;0;1149;2673;2,33;69;45;0,65;2331;-24675;-10,59;2331;-25365;-10,88;999;765;0,77;1167;5389;4,62;0;0;0;0;0;0;2316;4357;1,88;0;0;0;1274;5535;4,34;1274;-5535;-4,34;1134;6569;5,79;196;944;4,82;1762;13070;7,42;***;***;***;1114;5082;4,56;74;66;0,89;***;***;***;***;***;***;***;***;***;65;168;2,59;29;6;0,2;1167;5389;4,62;0;0;0;2297;2982;1,3;973;363;0,37;721;748;1,04;191;214;1,12;0;0;0;129;48;0,37;0;0;0;0;0;0;0;0;0;0;0;0;***;***;***;829;1289;1,55;87;169;1,94;33;71;2,16;***;***;***;***;***;***;4;3;0,73;0;0;0;313;115;0,37;85;41;0,48;67;97;1,45;22;30;1,37;0;0;0;***;***;***;33;8;0,24;***;***;***;***;***;***;108;38;0,35;969;1882;1,94;26;10;0,4;0;0;0;26;10;0,4;23;7;0,29;23;7;0,29;***;***;***;***;***;***;0;0;0;0;0;0;0;0;0;31;25;0,79;22;7;0,32;25;19;0,77;11;2;0,15
da -1.000 a 0; -1000-0;1061;***;***;***;***;***;***;***;***;***;***;***;***;20;58;2,91;14;153;10,92;***;***;***;5;5;1,05;975;1159;1,19;0;0;0;***;***;***;20;6;0,28;79;63;0,8;85;64;0,75;0;0;0;0;0;0;28;28;0,99;10;3;0,29;33;9;0,29;4;0;0,08;838;1070;1,28;***;***;***;***;***;***;***;***;***;6;40;6,74;13;141;10,88;19;6;0,29;***;***;***;***;***;***;6;40;6,74;14;148;10,59;15;61;4,09;7;29;4,12;0;0;0;21;16;0,75;***;***;***;0;0;0;415;338;0,81;13;3;0,22;1061;-451;-0,43;1061;-541;-0,51;***;***;***;409;1338;3,27;0;0;0;0;0;0;1038;1631;1,57;0;0;0;348;541;1,55;348;-541;-1,55;482;1387;2,88;54;102;1,89;662;2030;3,07;***;***;***;394;1271;3,23;15;9;0,57;***;***;***;0;0;0;***;***;***;17;42;2,45;8;6;0,69;409;1338;3,27;***;***;***;1032;1304;1,26;314;90;0,29;226;182;0,8;48;28;0,58;0;0;0;36;15;0,41;0;0;0;0;0;0;0;0;0;0;0;0;***;***;***;266;314;1,18;17;32;1,89;8;14;1,77;***;***;***;0;0;0;0;0;0;0;0;0;77;26;0,34;13;6;0,48;21;38;1,82;5;6;1,24;***;***;***;***;***;***;10;2;0,21;***;***;***;***;***;***;35;13;0,36;316;465;1,47;10;2;0,15;0;0;0;10;2;0,15;8;2;0,19;8;2;0,19;***;***;***;***;***;***;0;0;0;0;0;0;0;0;0;***;***;***;7;2;0,35;***;***;***;4;0;0,09
zero;zero;1180880;***;***;***;***;***;***;***;***;***;***;***;***;78;536;6,87;0;0;0;0;0;0;1539;206;0,13;***;***;***;0;0;0;2172;572;0,26;44944;3921;0,09;37903;674;0,02;0;0;0;0;0;0;0;0;0;0;0;0;0;0;0;0;0;0;1195;171;0,14;***;***;***;442;3313;7,5;1422;67769;47,66;1864;552;0,3;5573;18213;3,27;31526;603036;19,13;37099;3878;0,1;526;3728;7,09;1646;79542;48,32;7227;20193;2,79;37717;687247;18,22;0;0;0;0;0;0;0;0;0;0;0;0;721;824;1,14;118;115;0,97;186671;199990;1,07;4268;3358;0,79;0;0;0;0;0;0;***;***;***;87741;274996;3,13;0;0;0;0;0;0;186914;130912;0,7;0;0;0;15361;15201;0,99;15362;-15200;-0,99;77510;79585;1,03;16444;27091;1,65;102143;122256;1,2;805;445;0,55;80457;261516;3,25;920;635;0,69;60;33;0,56;***;***;***;237;1548;6,53;6300;9569;1,52;1642;1316;0,8;87741;274996;3,13;37379;28296;0,76;54642;68892;1,26;82433;14552;0,18;23757;11892;0,5;4636;2605;0,56;9758;2563;0,26;2785;983;0,35;0;0;0;0;0;0;0;0;0;0;0;0;712;1130;1,59;65984;49269;0,75;861;1364;1,58;750;1376;1,83;100;101;1,01;6;3;0,52;132;197;1,5;0;0;0;19139;5033;0,26;5696;1586;0,28;9339;12818;1,37;798;1127;1,41;***;***;***;117;101;0,86;878;185;0,21;282;561;1,99;437;41;0,09;5920;1762;0,3;81945;75588;0,92;643;157;0,24;***;***;***;648;160;0,25;2073;381;0,18;2073;381;0,18;353;90;0,26;14;2;0,11;0;0;0;0;0;0;0;0;0;***;***;***;45;30;0,67;***;***;***;44;29;0,66
da 0 a 1.000;0-1000;2285670;187195;12858;0,07;326625;18461;0,06;4223;1575;0,37;861537;353161;0,41;785671;346913;0,44;235955;116258;0,49;10199;3063;0,3;1984;886;0,45;502;700;1,39;227069;65140;0,29;2297;1217;0,53;41114;11654;0,28;63498;12942;0,2;53;98;1,84;96;11;0,11;1465;268;0,18;47686;18981;0,4;6321;1496;0,24;11942;3642;0,3;1678;820;0,49;439;608;1,38;875;5417;6,19;1266;58615;46,3;2141;1202;0,56;16971;41216;2,43;19930;270504;13,57;36901;11035;0,3;940;5732;6,1;1357;61113;45,04;18792;43759;2,33;22322;294191;13,18;14985;7552;0,5;5400;2841;0,53;153;80;0,52;20278;1887;0,09;1484;922;0,62;87;67;0,77;587650;357187;0,61;27809;5223;0,19;2285670;970165;0,42;2275985;959692;0,42;828171;317974;0,38;119355;383672;3,21;1715750;620892;0,36;1420359;132664;0,09;1274941;971092;0,76;616983;35487;0,06;615779;56388;0,09;237963;-20900;-0,09;92917;91788;0,99;46375;38223;0,82;207028;154824;0,75;102951;5140;0,05;101528;359289;3,54;1896;1264;0,67;91;28;0,3;234;632;2,7;387;2212;5,72;12156;17944;1,48;7753;2304;0,3;119355;383672;3,21;66736;51994;0,78;1037784;816668;0,79;154207;31439;0,2;122892;52118;0,42;21526;9609;0,45;661;75;0,11;15418;4921;0,32;18;2;0,13;***;***;***;21;1;0,06;9;1;0,08;1841;4261;2,31;113356;82921;0,73;20718;28248;1,36;9091;15672;1,72;381;445;1,17;11;6;0,56;1176;1454;1,24;176;45;0,26;36683;10522;0,29;9044;2775;0,31;10147;12306;1,21;2468;3543;1,44;109;146;1,34;597;504;0,84;1966;395;0,2;565;997;1,76;2256;235;0,1;10998;3055;0,28;153154;163297;1,07;1499;410;0,27;12;37;3,11;1541;448;0,29;3467;766;0,22;3468;766;0,22;628;114;0,18;66;12;0,19;326041;141315;0,43;238284;1452;0,01;95436;301;0;224896;36593;0,16;143673;6956;0,05;6;4;0,62;21543;1147;0,05
da 1.000 a 1.500;1000-1500;553881;32909;6203;0,19;51190;6894;0,13;1893;1686;0,89;136214;119306;0,88;288012;344675;1,2;89034;106835;1,2;3044;2885;0,95;759;780;1,03;132;256;1,94;36440;35533;0,98;531;505;0,95;11289;10444;0,93;17661;12525;0,71;11;6;0,5;11;6;0,54;294;176;0,6;22167;20025;0,9;1965;1244;0,63;3559;2669;0,75;674;721;1,07;111;208;1,87;301;1856;6,17;194;7314;37,7;495;488;0,99;7884;33655;4,27;2243;30626;13,65;10127;9829;0,97;321;1904;5,93;210;7857;37,41;8508;35154;4,13;2781;37023;13,31;13366;13376;1;5470;5541;1,01;141;142;1,01;18713;3391;0,18;657;275;0,42;43;15;0,35;107520;88899;0,83;4465;923;0,21;553881;688288;1,24;546764;669228;1,22;124826;91150;0,73;31308;99951;3,19;490815;556407;1,13;480001;123741;0,26;447442;422139;0,94;180120;27144;0,15;196036;34450;0,18;111808;-7303;-0,07;23230;22320;0,96;22462;10802;0,48;79162;42284;0,53;40933;3871;0,09;25635;92235;3,6;1054;698;0,66;46;13;0,29;321;539;1,68;128;790;6,17;3214;4958;1,54;2427;718;0,3;31308;99951;3,19;16360;12302;0,75;400701;380070;0,95;47275;9355;0,2;30825;15172;0,49;5803;3072;0,53;323;63;0,2;3535;1240;0,35;5;1;0,26;***;***;***;12;2;0,16;***;***;***;339;858;2,53;36990;28096;0,76;4179;6396;1,53;1475;2695;1,83;75;86;1,15;***;***;***;253;307;1,21;70;40;0,56;9131;2609;0,29;2721;888;0,33;3616;4368;1,21;879;1251;1,42;109;139;1,28;87;76;0,87;657;136;0,21;198;365;1,85;597;78;0,13;3696;999;0,27;46868;48538;1,04;481;142;0,3;***;***;***;515;145;0,28;1114;248;0,22;1114;248;0,22;209;32;0,15;15;4;0,25;138273;148402;1,07;107757;1554;0,01;44404;320;0,01;86523;15203;0,18;82916;8957;0,11;***;***;***;19299;1991;0,1
da 1.500 a 2.000;1500-2000;459874;22749;4934;0,22;34988;5006;0,14;1620;2074;1,28;90366;87323;0,97;267352;449202;1,68;77879;130824;1,68;2770;3668;1,32;773;1089;1,41;126;343;2,72;26644;33852;1,27;512;641;1,25;9665;13609;1,41;14100;15677;1,11;6;65;10,86;6;6;1,05;275;263;0,96;20222;24968;1,23;1614;1406;0,87;2469;2602;1,05;685;1001;1,46;115;319;2,78;360;2297;6,38;120;3651;30,43;480;623;1,3;7431;43045;5,79;1260;17682;14,03;8691;12904;1,48;375;2345;6,25;137;4354;31,78;7981;44636;5,59;1684;22764;13,52;15406;21628;1,4;6779;9579;1,41;177;241;1,36;21973;5550;0,25;747;293;0,39;31;10;0,31;76978;59585;0,77;2819;1180;0,42;459874;805477;1,75;452196;774028;1,71;78383;52228;0,67;24464;77483;3,17;423287;694381;1,64;411843;153990;0,37;394566;403405;1,02;147237;31179;0,21;183041;41726;0,23;100374;-10546;-0,11;17831;16721;0,94;18193;9234;0,51;75636;37561;0,5;30984;4259;0,14;19820;71160;3,59;963;661;0,69;38;15;0,39;384;539;1,4;94;551;5,86;2619;3954;1,51;1736;603;0,35;24464;77483;3,17;13586;10030;0,74;365386;372410;1,02;41530;7915;0,19;20911;9990;0,48;3933;1849;0,47;280;62;0,22;2070;723;0,35;15;5;0,32;0;0;0;6;1;0,24;***;***;***;229;419;1,83;32969;24355;0,74;3122;4479;1,43;1219;2120;1,74;67;90;1,34;***;***;***;180;203;1,13;43;43;0,99;7221;2021;0,28;2367;764;0,32;3463;4075;1,18;799;1156;1,45;138;198;1,43;99;82;0,83;621;125;0,2;240;433;1,81;409;57;0,14;3227;880;0,27;41197;41089;1;398;132;0,33;***;***;***;425;133;0,31;869;192;0,22;870;192;0,22;160;24;0,15;15;2;0,15;118972;189378;1,59;91458;1992;0,02;38757;427;0,01;78953;16773;0,21;85829;12456;0,15;***;***;***;23318;3171;0,14
da 2.000 a 2.500;2000-2500;409777;19409;4087;0,21;30301;3795;0,13;1369;2264;1,65;79154;82119;1,04;242386;521173;2,15;68180;146198;2,14;2973;5327;1,79;756;1361;1,8;112;356;3,18;22113;34354;1,55;444;834;1,88;9105;17897;1,97;12834;19143;1,49;6;20;3,32;6;7;1,24;233;258;1,11;21126;33820;1,6;1370;1488;1,09;1838;2464;1,34;668;1225;1,83;99;308;3,11;328;2740;8,35;74;1970;26,62;402;797;1,98;7148;51011;7,14;967;14888;15,4;8115;16949;2,09;347;2786;8,03;97;2939;30,3;7726;52800;6,83;1379;19378;14,05;18450;34434;1,87;8775;16475;1,88;192;340;1,77;26857;8950;0,33;715;268;0,37;42;16;0,38;69522;47747;0,69;2517;635;0,25;409777;923438;2,25;399395;872188;2,18;66920;38128;0,57;22389;74905;3,35;377217;800934;2,12;367992;178706;0,49;357883;391360;1,09;126901;34069;0,27;171870;47675;0,28;100271;-13601;-0,14;16371;15126;0,92;16852;9522;0,57;77134;38730;0,5;29312;5023;0,17;18084;68881;3,81;859;602;0,7;34;13;0,37;397;592;1,49;76;584;7,68;2563;3774;1,47;1568;460;0,29;22389;74905;3,35;12983;9536;0,73;333920;363557;1,09;42096;7804;0,19;18053;8100;0,45;3245;1458;0,45;339;80;0,24;1737;600;0,35;13;5;0,39;***;***;***;***;***;***;8;3;0,33;194;216;1,11;33797;24443;0,72;3066;4202;1,37;1064;1808;1,7;73;73;1;0;0;0;197;230;1,17;41;41;1,01;6783;1862;0,27;2468;781;0,32;3647;4269;1,17;805;1166;1,45;141;214;1,52;112;90;0,8;656;137;0,21;225;406;1,8;372;46;0,12;3255;798;0,25;41858;40568;0,97;379;107;0,28;***;***;***;408;111;0,27;800;188;0,24;800;188;0,24;137;18;0,13;19;1;0,07;103757;215418;2,08;79984;2282;0,03;35244;492;0,01;69371;17920;0,26;86047;15751;0,18;5;2;0,3;26499;4510;0,17
da 2.500 a 3.000;2500-3000;385479;18198;3503;0,19;29108;3297;0,11;1304;2724;2,09;78364;86368;1,1;231728;608848;2,63;66192;172871;2,61;2960;6326;2,14;802;1748;2,18;96;247;2,57;16249;28220;1,74;439;1115;2,54;8877;20868;2,35;12089;22427;1,86;8;16;1,96;***;***;***;185;264;1,43;20117;37112;1,84;1317;1689;1,28;1549;2307;1,49;715;1578;2,21;83;234;2,82;344;3732;10,85;65;1656;25,47;409;1085;2,65;7033;56762;8,07;857;13452;15,7;7890;19672;2,49;359;3774;10,51;80;2731;34,14;7601;59002;7,76;1276;18233;14,29;18736;42255;2,26;9946;22866;2,3;172;396;2,3;28257;11241;0,4;732;308;0,42;43;16;0,38;66877;43209;0,65;2446;548;0,22;385479;1060917;2,75;375002;995396;2,65;66135;33441;0,51;22527;68912;3,06;354801;922502;2,6;344932;205521;0,6;344464;398394;1,16;109450;35129;0,32;162039;52353;0,32;102093;-17220;-0,17;15791;13754;0,87;16679;9939;0,6;79690;40404;0,51;28962;5804;0,2;17539;62089;3,54;934;628;0,67;46;32;0,68;487;926;1,9;91;512;5,62;2899;4272;1,47;1737;455;0,26;22527;68912;3,06;13134;9771;0,74;320234;369206;1,15;50390;9398;0,19;18277;7672;0,42;3204;1457;0,45;309;70;0,23;1625;532;0,33;30;16;0,54;***;***;***;***;***;***;***;***;***;199;260;1,31;41517;29660;0,71;3540;4760;1,34;1275;2138;1,68;57;65;1,14;***;***;***;199;236;1,18;42;49;1,17;7330;1930;0,26;2774;898;0,32;4732;5721;1,21;880;1277;1,45;170;269;1,59;125;97;0,78;775;155;0,2;340;642;1,89;378;60;0,16;3481;880;0,25;50139;48842;0,97;398;117;0,29;***;***;***;417;118;0,28;874;229;0,26;874;229;0,26;178;45;0,25;***;***;***;92836;236656;2,55;71208;2503;0,04;33368;545;0,02;61057;18322;0,3;87299;19129;0,22;10;4;0,37;30439;6277;0,21
da 3.000 a 3.500;3000-3500;345911;16426;2989;0,18;26644;2767;0,1;1052;2630;2,5;71201;85628;1,2;215294;667951;3,1;62695;193176;3,08;2406;5629;2,34;789;2164;2,74;***;***;***;12771;23972;1,88;442;1353;3,06;8201;22726;2,77;11147;24728;2,22;***;***;***;6;12;1,96;189;322;1,7;17072;33986;1,99;1218;1682;1,38;1250;1982;1,59;729;2034;2,79;***;***;***;342;3856;11,28;70;3539;50,56;412;1324;3,21;6536;57894;8,86;802;13699;17,08;7338;21600;2,94;358;3897;10,89;84;4132;49,19;7040;59888;8,51;1161;17454;15,03;14169;35648;2,52;7799;20114;2,58;169;425;2,51;21520;9585;0,45;865;401;0,46;65;22;0,34;59319;38926;0,66;2298;522;0,23;345911;1124978;3,25;340260;1068788;3,14;59717;29102;0,49;22760;69241;3,04;323407;994213;3,07;312703;220683;0,71;319011;388785;1,22;97539;35070;0,36;150616;55867;0,37;99855;-20794;-0,21;14761;13212;0,9;15405;9970;0,65;80873;43000;0,53;25807;5543;0,21;17233;61477;3,57;915;657;0,72;42;15;0,35;655;1211;1,85;75;375;4,99;3451;5044;1,46;1680;463;0,28;22760;69241;3,04;13635;10228;0,75;295616;356512;1,21;64547;12223;0,19;17093;7476;0,44;3179;1425;0,45;742;79;0,11;1630;513;0,31;50;21;0,42;***;***;***;6;3;0,5;7;2;0,32;236;302;1,28;54655;39471;0,72;4618;5757;1,25;1479;2488;1,68;77;96;1,25;6;3;0,57;210;223;1,06;41;60;1,47;8288;2156;0,26;3186;1016;0,32;6783;8258;1,22;963;1421;1,48;195;323;1,66;147;112;0,76;897;187;0,21;486;919;1,89;473;54;0,12;4224;1035;0,24;64431;63587;0,99;465;135;0,29;***;***;***;491;168;0,34;906;252;0,28;906;252;0,28;160;37;0,23;9;1;0,11;83892;256490;3,06;64697;2716;0,04;30554;594;0,02;57476;19186;0,33;86115;21076;0,24;2304;638;0,28;31189;7090;0,23
da 3.500 a 4.000;3500-4000;337638;16159;2893;0,18;26064;2496;0,1;971;2717;2,8;70306;91355;1,3;210301;752620;3,58;58469;206247;3,53;3324;9744;2,93;784;2364;3,02;***;***;***;11629;25471;2,19;413;1338;3,24;8196;26026;3,18;10908;27580;2,53;***;***;***;***;***;***;167;303;1,81;17706;41217;2,33;1192;1955;1,64;1092;1712;1,57;694;2150;3,1;72;281;3,9;336;3841;11,43;47;1135;24,16;383;1309;3,42;6488;61687;9,51;749;10962;14,64;7237;24568;3,39;349;3911;11,21;64;1484;23,18;7045;64106;9,1;1151;15384;13,37;16031;47561;2,97;8903;27378;3,08;187;563;3,01;24451;12841;0,53;900;445;0,49;70;23;0,33;59600;38019;0,64;2057;463;0,22;337638;1266642;3,75;328646;1191136;3,62;59085;27914;0,47;23418;70016;2,99;313626;1111822;3,55;302900;246598;0,81;311214;394340;1,27;93681;37960;0,41;148729;62036;0,42;103325;-24069;-0,23;15115;13610;0,9;15452;10709;0,69;84401;46769;0,55;26265;6247;0,24;17310;61016;3,52;984;711;0,72;59;24;0,4;712;1609;2,26;80;576;7,21;3760;5584;1,49;1905;497;0,26;23418;70016;2,99;14237;10782;0,76;288012;360673;1,25;69258;12951;0,19;18084;7553;0,42;3219;1355;0,42;719;114;0,16;1609;544;0,34;51;18;0,36;***;***;***;6;3;0,53;0;0;0;250;345;1,38;59125;42014;0,71;4996;6164;1,23;1532;2564;1,67;71;78;1,09;***;***;***;199;217;1,09;27;30;1,12;8741;2226;0,25;3420;1089;0,32;7168;8774;1,22;975;1444;1,48;257;421;1,64;171;142;0,83;1026;203;0,2;561;1088;1,94;458;46;0,1;4505;1063;0,24;69147;67572;0,98;485;153;0,32;***;***;***;518;155;0,3;947;189;0,2;948;189;0,2;207;33;0,16;15;2;0,13;81992;288913;3,52;63149;3047;0,05;31842;682;0,02;52403;19558;0,37;86459;23829;0,28;2548;779;0,31;33549;8586;0,26
da 4.000 a 5.000;4000-5000;660485;31726;5375;0,17;52198;4545;0,09;1668;5466;3,28;138044;193493;1,4;411974;1772086;4,3;115508;487104;4,22;5781;19652;3,4;1715;6445;3,76;162;561;3,46;21630;63176;2,92;829;3217;3,88;15868;61086;3,85;21374;65336;3,06;10;24;2,35;14;26;1,85;335;774;2,31;40063;119713;2,99;2109;3713;1,76;2071;3454;1,67;1530;5898;3,85;148;531;3,59;671;8337;12,42;99;3268;33,01;770;3123;4,06;12662;122682;9,69;1337;19651;14,7;13999;57492;4,11;707;8587;12,15;122;3500;28,69;13807;128028;9,27;2061;27675;13,43;30189;106164;3,52;18380;67788;3,69;355;1299;3,66;47435;29339;0,62;2021;917;0,45;162;53;0,32;117049;73303;0,63;4402;1065;0,24;660485;2978913;4,51;642937;2803647;4,36;116735;53078;0,45;47634;141777;2,98;623913;2635660;4,22;602107;583924;0,97;613120;826704;1,35;172193;83249;0,48;299793;147531;0,49;223354;-64271;-0,29;31178;28090;0,9;31281;22635;0,72;183111;109025;0,6;55887;14802;0,26;34420;121214;3,52;2155;1491;0,69;96;34;0,36;1608;4755;2,96;179;1417;7,92;8285;11967;1,44;3808;898;0,24;47634;141777;2,98;29949;22715;0,76;569138;751627;1,32;167647;32271;0,19;37476;15399;0,41;6843;2805;0,41;1769;301;0,17;3494;1139;0,33;79;37;0,47;4;4;1;19;8;0,39;6;3;0,46;500;395;0,79;142139;98496;0,69;10635;13224;1,24;3370;5404;1,6;152;170;1,12;6;6;1,05;432;482;1,11;57;86;1,5;18833;4722;0,25;10393;3280;0,32;24765;30390;1,23;2302;3405;1,48;644;1134;1,76;369;291;0,79;2485;498;0,2;2116;4128;1,95;1011;118;0,12;11366;2725;0,24;167597;168566;1,01;972;285;0,29;13;45;3,47;1023;331;0,32;2085;405;0,19;2086;405;0,19;399;72;0,18;25;3;0,14;150047;630860;4,2;116569;6710;0,06;59853;1518;0,03;92141;41075;0,45;176747;56733;0,32;5948;2257;0,38;77846;22857;0,29
da 5.000 a 6.000;5000-6000;637242;31521;4991;0,16;52540;4284;0,08;1448;5750;3,97;143661;218326;1,52;410829;2157376;5,25;114522;590198;5,15;5375;20500;3,81;1801;8347;4,63;147;567;3,86;13846;35168;2,54;810;3864;4,77;16058;75036;4,67;22536;85196;3,78;12;99;8,28;13;31;2,4;355;930;2,62;31123;88141;2,83;2075;4208;2,03;2120;3244;1,53;1651;7834;4,75;126;514;4,08;635;9374;14,76;111;5955;53,65;746;3738;5,01;12988;129913;10;1237;18673;15,1;14225;70944;4,99;674;9549;14,17;136;6364;46,79;14138;135750;9,6;1920;26058;13,57;29620;124900;4,22;19643;88975;4,53;368;1536;4,17;48023;35441;0,74;2243;1072;0,48;193;66;0,34;117163;73429;0,63;4564;1172;0,26;637242;3508690;5,51;618533;3293260;5,32;122059;54783;0,45;50048;148103;2,96;606743;3110484;5,13;583667;687809;1,18;601266;862595;1,43;159652;88707;0,56;286580;157483;0,55;226992;-68766;-0,3;32447;27885;0,86;33308;27300;0,82;183428;114812;0,63;60533;18255;0,3;35929;127165;3,54;2230;1680;0,75;125;42;0,34;1691;4291;2,54;182;878;4,82;9009;13051;1,45;4064;996;0,25;50048;148103;2,96;33656;26429;0,79;558318;779385;1,4;178246;34791;0,2;41437;16939;0,41;7648;2952;0,39;2065;388;0,19;3897;1239;0,32;67;31;0,47;***;***;***;13;6;0,47;13;6;0,45;565;426;0,75;152127;107371;0,71;12707;15828;1,25;3799;6239;1,64;161;192;1,19;4;4;0,89;460;511;1,11;59;109;1,85;21177;5299;0,25;10998;3521;0,32;23206;29362;1,27;2692;3967;1,47;704;1226;1,74;397;305;0,77;2950;592;0,2;1963;3812;1,94;1163;129;0,11;12569;3033;0,24;178175;181521;1,02;1037;325;0,31;13;3;0,25;1085;329;0,3;2268;566;0,25;2268;566;0,25;430;103;0,24;28;3;0,1;145585;747041;5,13;114929;8078;0,07;60089;1832;0,03;85311;45517;0,53;185499;70560;0,38;7023;3197;0,46;88116;30398;0,34
da 6.000 a 7.500;6000-7500;1212442;53017;7509;0,14;88735;6479;0,07;1781;8178;4,59;225025;329856;1,47;637731;4124488;6,47;445352;3085403;6,93;7158;29829;4,17;3069;18037;5,88;251;1334;5,31;16383;42657;2,6;1348;8159;6,05;25863;146728;5,67;35144;161898;4,61;21;83;3,96;18;61;3,37;476;1452;3,05;38276;105080;2,75;2807;6535;2,33;3005;4700;1,56;2819;16999;6,03;219;1245;5,69;1111;16797;15,12;138;3774;27,34;1249;7974;6,38;21084;215435;10,22;1909;29398;15,4;22993;138893;6,04;1168;17126;14,66;180;5033;27,96;22911;226471;9,88;2952;39884;13,51;35660;164388;4,61;23880;121336;5,08;524;2654;5,06;57535;47207;0,82;4311;2050;0,48;402;108;0,27;190505;115550;0,61;7603;1910;0,25;1212442;8353102;6,89;1197076;8064671;6,74;198273;87006;0,44;81213;242583;2,99;1183942;7760660;6,55;1077498;1614650;1,5;1175528;1955838;1,66;417210;177109;0,42;530712;290461;0,55;388018;-113318;-0,29;50225;43692;0,87;51830;43664;0,84;357176;270322;0,76;64759;23391;0,36;57791;206499;3,57;3649;2890;0,79;214;139;0,65;2885;8801;3,05;301;1373;4,56;14873;21076;1,42;6731;1805;0,27;81213;242583;2,99;79363;67767;0,85;1124314;1790151;1,59;322930;60602;0,19;63539;27222;0,43;11873;4897;0,41;16677;2439;0,15;6169;1960;0,32;249;125;0,5;19;36;1,88;22;12;0,53;19;6;0,31;853;621;0,73;279845;193233;0,69;22542;27882;1,24;6471;10378;1,6;259;293;1,13;17;14;0,84;841;946;1,12;65;96;1,48;37170;9013;0,24;19912;6430;0,32;37481;46066;1,23;4545;6676;1,47;1169;2070;1,77;798;616;0,77;5606;1137;0,2;3433;6462;1,88;1837;202;0,11;22071;5209;0,24;322971;316742;0,98;1754;445;0,25;14;8;0,54;1850;455;0,25;3697;809;0,22;3698;809;0,22;674;129;0,19;52;7;0,13;394616;2582404;6,54;341937;30074;0,09;168396;6866;0,04;367256;235868;0,64;318913;148936;0,47;133948;62863;0,47;54042;16044;0,3
da 7.500 a 10.000;7500-10000;2844962;235274;32088;0,14;364660;26531;0,07;2946;13810;4,69;791894;718605;0,91;1245476;10459934;8,4;1440190;11666929;8,1;13478;61985;4,6;5809;43167;7,43;410;1503;3,67;22706;59796;2,63;2520;17566;6,97;50012;362969;7,26;69467;390235;5,62;50;163;3,27;23;62;2,71;871;3178;3,65;60491;164713;2,72;4671;11751;2,52;5613;8020;1,43;5383;41034;7,62;364;1397;3,84;2073;31018;14,96;281;7850;27,94;2354;17061;7,25;41873;467211;11,16;3328;40677;12,22;45201;347004;7,68;2170;31819;14,66;350;9646;27,56;44983;487424;10,84;5029;55632;11,06;54556;251874;4,62;33226;179480;5,4;884;5464;6,18;84310;71969;0,85;12531;6180;0,49;1359;412;0,3;607042;284269;0,47;25689;5546;0,22;2844962;24434655;8,59;2829820;23997685;8,48;744791;298410;0,4;183969;518173;2,82;2816053;23211199;8,24;2744856;5218549;1,9;2808907;5201465;1,85;1344065;596353;0,44;1509301;797246;0,53;1062182;-200819;-0,19;107802;89487;0,83;123871;91262;0,74;972349;727290;0,75;170215;51979;0,31;119549;419156;3,51;10179;8515;0,84;772;756;0,98;9046;34151;3,78;806;3202;3,97;36439;48546;1,33;19038;3847;0,2;183969;518173;2,82;222650;181014;0,81;2746259;4764953;1,74;904048;162390;0,18;155720;59513;0,38;27394;10466;0,38;81585;16703;0,2;14124;4442;0,31;560;293;0,52;38;71;1,88;59;35;0,6;49;29;0,59;2192;1555;0,71;812670;562130;0,69;61620;74784;1,21;16808;27082;1,61;506;563;1,11;24;19;0,79;2167;2305;1,06;144;213;1,48;99286;23577;0,24;53143;17394;0,33;69240;86049;1,24;12272;18036;1,47;3158;5716;1,81;2277;1763;0,77;18269;3695;0,2;6151;11243;1,83;5485;580;0,11;58468;13571;0,23;904453;848745;0,94;4394;1092;0,25;31;48;1,56;4590;1143;0,25;10102;2152;0,21;10104;2152;0,21;1846;416;0,23;83;13;0,16;1306809;11432685;8,75;1223846;148129;0,12;661061;39508;0,06;1061996;995353;0,94;807811;606836;0,75;442179;313561;0,71;70442;17884;0,25
da 10.000 a 12.000;10000-12000;1922896;163346;26979;0,17;252504;18757;0,07;2029;11217;5,53;627861;617360;0,98;1080258;11384993;10,54;737905;7685395;10,42;12111;56546;4,67;5112;46834;9,16;360;1321;3,67;13705;40215;2,93;2281;20065;8,8;44816;415625;9,27;60365;421055;6,98;45;93;2,06;18;56;3,11;713;2965;4,16;46129;126558;2,74;3395;9982;2,94;5383;7297;1,36;4769;44763;9,39;313;1275;4,07;1918;31090;16,21;228;5995;26,29;2146;19578;9,12;38776;496557;12,81;2352;27736;11,79;41128;399967;9,72;2004;31748;15,84;277;6776;24,46;41335;515926;12,48;3481;38238;10,98;46422;212468;4,58;25498;134962;5,29;762;5329;6,99;69002;59227;0,86;18829;10271;0,55;2833;1003;0,35;450779;222935;0,49;21510;4597;0,21;1922896;21204814;11,03;1915943;20851870;10,88;591370;248556;0,42;196764;543411;2,76;1908357;20081012;10,52;1904101;4612563;2,42;1903347;3633964;1,91;1618143;1144751;0,71;1654742;1361120;0,82;1246036;-216271;-0,17;106141;86495;0,81;170443;110562;0,65;1082477;740877;0,68;200868;65118;0,32;111780;400361;3,58;12922;11840;0,92;876;611;0,7;14911;62747;4,21;1042;3712;3,56;43715;59526;1,36;25566;4615;0,18;196764;543411;2,76;217710;173825;0,8;1863885;3140012;1,68;955044;197627;0,21;191625;74191;0,39;35860;13075;0,36;102692;28053;0,27;18105;5520;0,3;344;172;0,5;53;102;1,93;52;40;0,77;35;26;0,73;2176;1321;0,61;871516;707387;0,81;78126;95718;1,23;20124;32876;1,63;516;563;1,09;21;21;0,98;2817;2981;1,06;116;173;1,49;119969;28675;0,24;68083;24095;0,35;58810;72014;1,22;14480;21419;1,48;5471;10216;1,87;3127;2430;0,78;27940;5730;0,21;5507;9799;1,78;6999;709;0,1;73906;17159;0,23;954833;1031994;1,08;5812;1542;0,27;53;22;0,42;6003;1567;0,26;12813;2950;0,23;12815;2950;0,23;2442;621;0,25;91;11;0,12;1607966;17264551;10,74;1547944;230966;0,15;1017083;76591;0,08;1021548;1067513;1,04;819011;743774;0,91;385319;276506;0,72;59391;11897;0,2
da 12.000 a 15.000;12000-15000;2928621;287662;48852;0,17;443410;32914;0,07;2548;15143;5,94;1127802;1065813;0,95;1601323;20654996;12,9;1196319;15067132;12,59;17188;86798;5,05;8569;96316;11,24;483;1853;3,84;16658;56073;3,37;4007;43990;10,98;72356;832987;11,51;97119;815442;8,4;51;177;3,47;32;116;3,62;1180;5314;4,5;66259;188163;2,84;4828;15063;3,12;10354;11348;1,1;8034;92657;11,53;430;1747;4,06;3447;62808;18,22;346;8008;23,14;3793;43146;11,38;63975;954733;14,92;3189;35041;10,99;67164;806062;12;3575;64077;17,92;432;10398;24,07;67680;987212;14,59;4676;47511;10,16;73966;340191;4,6;39458;205691;5,21;1158;8767;7,57;108843;93837;0,86;45442;26982;0,59;5862;2018;0,34;775282;379405;0,49;40709;8681;0,21;2928621;39519855;13,49;2923269;38964690;13,33;1075283;469031;0,44;348798;962810;2,76;2915220;37556748;12,88;2911387;8632710;2,97;2907860;5685769;1,96;2708400;3102803;1,15;2642658;3491580;1,32;2124987;-388601;-0,18;163828;142190;0,87;314360;236176;0,75;1803069;1270247;0,7;351438;139162;0,4;181167;671536;3,71;26384;24805;0,94;2057;1261;0,61;28844;125584;4,35;2404;7982;3,32;83525;122524;1,47;53632;9116;0,17;348798;962810;2,76;389649;308231;0,79;2859372;4744514;1,66;1661165;370919;0,22;402576;164474;0,41;80923;28975;0,36;181120;53194;0,29;40893;12209;0,3;778;406;0,52;238;283;1,19;97;88;0,9;87;65;0,75;3804;2410;0,63;1532065;1344367;0,88;140894;174656;1,24;37652;64141;1,7;809;895;1,11;39;36;0,92;5747;6296;1,1;218;273;1,25;223741;55103;0,25;129630;48816;0,38;90845;108624;1,2;26869;39761;1,48;11925;22631;1,9;6205;4897;0,79;58689;12263;0,21;9665;16927;1,75;14905;1499;0,1;137505;32729;0,24;1660588;1933975;1,16;11835;3147;0,27;79;45;0,57;12120;3198;0,26;26202;6967;0,27;26205;6967;0,27;4875;1371;0,28;193;25;0,13;2701573;35267303;13,05;2617887;472856;0,18;2085042;196458;0,09;1524315;1663875;1,09;1266882;1222046;0,96;538492;389357;0,72;93261;21398;0,23
da 15.000 a 20.000;15000-20000;5072285;494619;77594;0,16;775128;50871;0,07;3269;24784;7,58;2156062;2005227;0,93;2778742;46538959;16,75;2137490;34920976;16,34;25298;135397;5,35;15788;226482;14,35;863;3385;3,92;21150;82985;3,92;7950;106222;13,36;124742;1828601;14,66;166339;1721243;10,35;115;378;3,29;57;266;4,67;2027;9731;4,8;100403;287278;2,86;7616;25929;3,4;26603;26419;0,99;14946;219854;14,71;759;3191;4,2;6855;141015;20,57;692;17653;25,51;7547;104335;13,82;111802;2050614;18,34;5201;57195;11;117003;1775804;15,18;7094;143671;20,25;856;20413;23,85;117488;2111067;17,97;7254;72172;9,95;141719;654232;4,62;72642;368525;5,07;2039;17089;8,38;205411;177803;0,87;117132;79655;0,68;18890;6722;0,36;1388493;654133;0,47;85549;17820;0,21;5072285;88969852;17,54;5067883;87928079;17,35;2075034;930750;0,45;689461;1935025;2,81;5060621;85087641;16,81;5058473;19784143;3,91;5049004;12347355;2,45;4697482;7715150;1,64;4766719;9133144;1,92;3882391;-1417693;-0,37;259644;251153;0,97;508782;495704;0,97;3125600;2086345;0,67;770243;381320;0,5;308996;1217831;3,94;56754;53710;0,95;4535;2570;0,57;62581;309977;4,95;6266;21730;3,47;192208;307991;1,6;124870;21216;0,17;689461;1935025;2,81;739967;570421;0,77;4984338;10377513;2,08;3168594;785044;0,25;948090;436330;0,46;206391;79575;0,39;333908;50578;0,15;111953;34082;0,3;14310;8062;0,56;180;243;1,35;178;203;1,14;189;174;0,92;7174;5128;0,71;2930321;2813258;0,96;310508;394064;1,27;88567;160124;1,81;1725;1928;1,12;101;95;0,94;13090;14611;1,12;396;481;1,21;497270;125707;0,25;280548;111739;0,4;158541;187119;1,18;54877;81374;1,48;25875;49479;1,91;16202;13110;0,81;134673;28695;0,21;18445;32310;1,75;38028;3923;0,1;294804;71546;0,24;3166902;4089714;1,29;26233;6761;0,26;214;161;0,75;26820;6938;0,26;60084;16436;0,27;60087;16436;0,27;11317;3284;0,29;411;50;0,12;4688061;79681766;17;4564966;1117869;0,24;4216254;514609;0,12;197446;131602;0,67;940827;696231;0,74;115293;61921;0,54;729028;515159;0,71
da 20.000 a 26.000;20000-26000;6833756;633501;79275;0,13;1037325;59369;0,06;2756;26563;9,64;3278158;2792221;0,85;4329381;95571387;22,08;2445031;51615821;21,11;35432;173889;4,91;20810;381167;18,32;1143;3945;3,45;18966;86625;4,57;8968;149859;16,71;120152;2254460;18,76;177556;2178416;12,27;125;315;2,52;95;324;3,41;2779;14333;5,16;118285;321116;2,71;10011;30716;3,07;37590;40048;1,07;19755;370901;18,78;999;3636;3,64;7807;195598;25,05;743;22604;30,42;8550;147170;17,21;108370;2498117;23,05;4590;44398;9,67;112960;2189983;19,39;8084;199663;24,7;884;25313;28,63;113884;2570743;22,57;6268;55806;8,9;203874;955497;4,69;104864;523205;4,99;2739;24699;9,02;295991;258131;0,87;386842;430267;1,11;64975;30482;0,47;1933085;772618;0,4;132486;26310;0,2;6833756;157099850;22,99;6831443;155592394;22,78;3183915;1430744;0,45;1012034;2589279;2,56;6827391;151591077;22,2;6826380;35859690;5,25;6814862;16119054;2,37;6692441;19905515;2,97;6641383;21955054;3,31;5561889;-2049168;-0,37;277932;314528;1,13;605218;709560;1,17;4600939;3402268;0,74;955393;592445;0,62;337189;1441352;4,27;73415;66340;0,9;8093;4880;0,6;67386;320169;4,75;15010;50855;3,39;391569;666751;1,7;224821;38932;0,17;1012034;2589279;2,56;1174607;879664;0,75;6753889;12504442;1,85;4856793;1390946;0,29;1769018;971134;0,55;434917;186170;0,43;521024;75410;0,14;279904;89430;0,32;10789;5898;0,55;292;331;1,13;273;516;1,89;427;636;1,49;12084;14477;1,2;4465793;4673325;1,05;672831;887646;1,32;187590;367772;1,96;2449;2707;1,11;178;186;1,04;29353;33670;1,15;396;503;1,27;962600;248956;0,26;559685;236034;0,42;266627;295919;1,11;88187;130649;1,48;28753;55119;1,92;37428;30712;0,82;291138;64070;0,22;36490;64736;1,77;84431;8433;0,1;547792;135707;0,25;4852862;7237008;1,49;45888;12020;0,26;469;372;0,79;46722;12411;0,27;118236;34416;0,29;118255;34417;0,29;21446;6108;0,28;748;113;0,15;6691299;149060002;22,28;6544188;2215388;0,34;6270641;1005980;0,16;44471;31875;0,72;669392;319287;0,48;39684;28557;0,72;587245;276444;0,47
da 26.000 a 29.000;26000-29000;2824517;280265;33361;0,12;467306;26887;0,06;996;11647;11,69;1563324;1413580;0,9;1902575;49487451;26,01;925009;22935017;24,79;19896;76392;3,84;10939;236787;21,65;643;2269;3,53;6389;37575;5,88;4204;84673;20,14;48486;1083567;22,35;77624;1098439;14,15;57;153;2,69;43;132;3,06;1509;7734;5,13;59059;154950;2,62;5370;14655;2,73;17755;21028;1,18;10421;231318;22,2;553;2053;3,71;3733;112458;30,13;277;7951;28,7;4010;83103;20,72;44110;1191620;27,01;1615;16657;10,31;45725;1052277;23,01;3871;114565;29,6;333;9168;27,53;46318;1226455;26,48;2168;19860;9,16;114891;556313;4,84;61540;306812;4,99;1472;13712;9,31;168903;150376;0,89;286784;373832;1,3;50073;28570;0,57;909966;364858;0,4;64639;13497;0,21;2824517;77509370;27,44;2823818;76630681;27,14;1518289;715459;0,47;505845;1283537;2,54;2822633;74637104;26,44;2822363;17837921;6,32;2817272;6408329;2,27;2783188;11483271;4,13;2759572;12550994;4,55;2432053;-1067565;-0,44;115673;147204;1,27;275067;375167;1,36;2063037;1811529;0,88;365485;280469;0,77;153348;693085;4,52;35039;29501;0,84;4207;2147;0,51;24002;107828;4,49;8617;31229;3,62;214139;395739;1,85;124862;24009;0,19;505845;1283537;2,54;508878;366417;0,72;2790813;4495974;1,61;2195214;706219;0,32;959224;610124;0,64;258201;122205;0,47;194329;28720;0,15;183969;61272;0,33;12772;7251;0,57;120;129;1,07;137;329;2,4;268;501;1,87;5805;9188;1,58;2013488;2270877;1,13;381877;514006;1,35;92673;187799;2,03;1275;1436;1,13;99;114;1,15;18361;21764;1,19;200;349;1,75;503512;132422;0,26;303878;134083;0,44;138710;148836;1,07;43951;64913;1,48;10675;20401;1,91;18426;15324;0,83;170027;38294;0,23;21714;38788;1,79;49655;5034;0,1;287825;72717;0,25;2192625;3667598;1,67;25618;6764;0,26;300;175;0,58;26176;6946;0,27;68210;20778;0,3;68224;20778;0,3;12267;3517;0,29;412;53;0,13;2783159;73735428;26,49;2744105;1137907;0,41;2657674;507347;0,19;11654;8809;0,76;146177;60235;0,41;11158;8408;0,75;132706;54392;0,41
da 29.000 a 35.000;29000-35000;4359429;482464;58929;0,12;812434;48036;0,06;1572;20925;13,31;2703917;2683512;0,99;2832838;84512819;29,83;1547910;43960200;28,4;37613;154622;4,11;22753;539103;23,69;1653;4557;2,76;8533;67355;7,89;7618;178608;23,45;77523;1986207;25,62;132564;2149204;16,21;114;240;2,1;105;425;4,05;3156;17381;5,51;104140;285190;2,74;10159;30108;2,96;31849;40232;1,26;21534;526587;24,45;1432;4186;2,92;6869;230551;33,56;443;14831;33,48;7312;175421;23,99;70664;2190128;30,99;2580;25413;9,85;73244;1930280;26,35;7087;234846;33,14;531;16781;31,6;74166;2251623;30,36;3357;30322;9,03;230488;1189614;5,16;129037;671400;5,2;2963;28989;9,78;342746;323008;0,94;500545;706454;1,41;97586;71130;0,73;1631880;692773;0,42;118739;27596;0,23;4359429;138445216;31,76;4358540;136552657;31,33;2623965;1323440;0,5;962180;2434395;2,53;4357045;132804344;30,48;4356695;33173991;7,61;4348511;9005868;2,07;4317428;24231480;5,61;4265059;26122341;6,12;3880138;-1890575;-0,49;179770;269115;1,5;484157;767199;1,58;3279195;3429513;1,05;593027;571348;0,96;261726;1300453;4,97;69757;55237;0,79;8228;3646;0,44;35464;152955;4,31;16688;65197;3,91;373995;775602;2,07;324815;81306;0,25;962180;2434395;2,53;800009;550557;0,69;4304227;5478777;1,27;3572399;1231071;0,34;1814222;1286228;0,71;526076;276119;0,52;97500;14698;0,15;376490;129548;0,34;32403;18453;0,57;203;205;1,01;246;698;2,84;579;1198;2,07;9261;18316;1,98;3292825;3958794;1,2;651284;880301;1,35;142697;296217;2,08;2167;2406;1,11;172;170;0,99;33697;40577;1,2;368;529;1,44;864196;230683;0,27;496334;224767;0,45;276748;317074;1,15;77480;114354;1,48;17222;33070;1,92;28606;24123;0,84;292673;67082;0,23;45797;82814;1,81;92802;9814;0,11;497626;128568;0,26;3569066;6412325;1,8;53855;14268;0,26;583;368;0,63;55955;14658;0,26;64156;23105;0,36;64197;23106;0,36;13473;5171;0,38;789;93;0,12;4316797;131796407;30,53;4253684;2113823;0,5;4132494;917835;0,22;195;158;0,81;133155;50047;0,38;184;149;0,81;123659;46326;0,37
da 35.000 a 40.000;35000-40000;2197058;269785;36893;0,14;458098;29203;0,06;939;13567;14,45;1506372;1834426;1,22;1327542;45115639;33,98;888978;29158500;32,8;22414;119578;5,33;20239;507148;25,06;1611;3831;2,38;4262;50419;11,83;5549;153926;27,74;48664;1455854;29,92;86586;1655919;19,12;109;354;3,25;61;183;3,01;2345;15485;6,6;67580;205827;3,05;7028;24337;3,46;21212;29272;1,38;19057;495616;26,01;1386;3527;2,55;5044;198165;39,29;287;9922;34,57;5331;151120;28,35;44537;1601475;35,96;1515;13116;8,66;46052;1413133;30,69;5218;201704;38,66;331;11137;33,65;46727;1648707;35,28;1937;15827;8,17;173865;991845;5,7;103193;579640;5,62;2408;24752;10,28;262172;271439;1,04;265740;412793;1,55;61724;57885;0,94;957180;462234;0,48;70769;18709;0,26;2197058;81860839;37,26;2196598;80263386;36,54;1455660;808244;0,56;592176;1693810;2,86;2195932;77764848;35,41;2195761;20464591;9,32;2190526;3979787;1,82;2181317;16516393;7,57;2143174;17462110;8,15;2016843;-945549;-0,47;107087;186522;1,74;305912;621429;2,03;1684688;2155420;1,28;325209;432885;1,33;165342;941371;5,69;49526;37023;0,75;5428;2023;0,37;18749;80707;4,3;12637;54376;4,3;209468;507610;2,42;225087;70700;0,31;592176;1693810;2,86;436666;284360;0,65;2161604;1816235;0,84;1874694;691953;0,37;1104239;881841;0,8;349438;204937;0,59;0;0;0;245175;86886;0,35;3796;2138;0,56;87;95;1,09;164;621;3,78;487;1113;2,28;4547;9608;2,11;1738019;2244583;1,29;348345;474087;1,36;67202;142652;2,12;1383;1554;1,12;113;108;0,96;19306;23540;1,22;235;396;1,69;486141;133161;0,27;264557;122251;0,46;158047;193912;1,23;45346;66918;1,48;9681;18690;1,93;13194;11270;0,85;162700;38229;0,23;28966;53286;1,84;57431;6464;0,11;273713;72092;0,26;1872821;3604032;1,92;37350;9880;0,26;492;323;0,66;38864;10215;0,26;25471;11418;0,45;25486;11419;0,45;6656;2931;0,44;505;63;0,13;2180378;77332742;35,47;2163706;1293716;0,6;2091436;546817;0,26;0;0;0;43553;15755;0,36;0;0;0;41029;14775;0,36
da 40.000 a 50.000;40000-50000;2089714;267003;43438;0,16;459397;32328;0,07;1204;22357;18,57;1497089;2540197;1,7;1265727;49553098;39,15;820906;30301145;36,91;26192;202749;7,74;40545;1154461;28,47;2559;6984;2,73;4807;88472;18,4;8863;299110;33,75;68515;2450022;35,76;124710;2951841;23,67;163;462;2,83;86;574;6,67;4077;35941;8,82;81369;299594;3,68;8908;43927;4,93;32265;51832;1,61;38186;1127832;29,54;2227;6379;2,86;8130;387019;47,6;386;11485;29,75;8516;293334;34,45;63049;2684659;42,58;1830;16617;9,08;64879;2378098;36,65;8407;394399;46,91;456;12819;28,11;66172;2762930;41,75;2343;19528;8,33;233215;1637318;7,02;143860;965768;6,71;3753;48753;12,99;350326;450622;1,29;291408;483245;1,66;81990;94288;1,15;1008086;579834;0,58;76270;23087;0,3;2089714;92462134;44,25;2089149;89809335;42,99;1434889;875546;0,61;700251;2572968;3,67;2088339;86367840;41,36;2088163;23792077;11,39;2079608;3277241;1,58;2074733;20550243;9,91;2019398;21040088;10,42;1960861;-489587;-0,25;142181;301410;2,12;389595;1116810;2,87;1580495;2591102;1,64;370788;717765;1,94;243848;1648270;6,76;64536;47029;0,73;6193;2127;0,34;17011;74523;4,38;16429;81880;4,98;227378;616787;2,71;258668;102351;0,4;700251;2572968;3,67;429330;250302;0,58;2030383;803437;0,4;1822457;725178;0,4;1175108;1099970;0,94;402501;277537;0,69;0;0;0;287596;106817;0,37;1303;700;0,54;59;59;1;249;1296;5,2;778;2366;3,04;4662;9579;2,05;1687795;2342759;1,39;344927;473620;1,37;65345;138336;2,12;1651;1868;1,13;140;148;1,06;20513;25333;1,23;265;595;2,25;519303;149700;0,29;273377;131638;0,48;173584;235003;1,35;47093;69417;1,47;0;0;0;11886;10130;0,85;172049;40919;0,24;33139;63362;1,91;64767;7802;0,12;288737;79444;0,28;1819712;3770988;2,07;46878;12561;0,27;823;703;0,85;49139;13285;0,27;27628;12817;0,46;27648;12817;0,46;7335;3626;0,49;684;92;0,13;2072845;85874158;41,43;2058535;1483477;0,72;1989617;613471;0,31;0;0;0;37020;13191;0,36;0;0;0;35109;12498;0,36
da 50.000 a 55.000;50000-55000;545415;71311;13465;0,19;122630;9510;0,08;384;8737;22,75;399747;910035;2,28;331519;15059466;45,43;200018;8282585;41,41;8827;82332;9,33;19828;652760;32,92;1137;3181;2,8;1531;39343;25,7;3655;145359;39,77;24194;1015980;41,99;45793;1292465;28,22;68;218;3,2;35;224;6,41;1673;18918;11,31;25225;110073;4,36;3169;18868;5,95;12148;22630;1,86;18780;638657;34,01;986;2969;3,01;3382;186249;55,07;127;3540;27,87;3509;142046;40,48;22372;1109616;49,6;572;5037;8,81;22944;987007;43,02;3499;190675;54,49;156;4098;26,27;23449;1140541;48,64;745;6685;8,97;72775;617216;8,48;44327;351168;7,92;1309;19946;15,24;106955;168904;1,58;81933;144721;1,77;26291;34526;1,31;282448;199664;0,71;22179;7258;0,33;545415;28555177;52,35;545237;27566660;50,56;380415;254143;0,67;221926;1015061;4,57;545015;26298972;48,25;544969;7572187;13,89;505856;760025;1,5;541243;6823454;12,61;521965;6794236;13,02;517980;29353;0,06;50004;128722;2,57;124260;486888;3,92;406317;870946;2,14;108651;294868;2,71;93400;715682;7,66;23176;16646;0,72;1969;622;0,32;4329;19153;4,42;4726;28558;6,04;66895;197684;2,96;77545;36716;0,47;221926;1015061;4,57;106095;48355;0,46;54537;1922;0,04;479004;206544;0,43;330496;364589;1,1;121244;99757;0,82;0;0;0;88575;34463;0,39;99;44;0,44;10;13;1,31;96;536;5,58;307;952;3,1;1364;2850;2,09;441586;662719;1,5;90340;127456;1,41;18391;39539;2,15;504;570;1,13;32;31;0,97;5647;7144;1,27;103;267;2,59;146833;45014;0,31;76254;39388;0,52;47813;72923;1,53;12143;17834;1,47;0;0;0;3327;2854;0,86;48704;11747;0,24;9221;17912;1,94;19489;2556;0,13;79248;23439;0,3;478145;1071652;2,24;15073;4443;0,29;310;350;1,13;15749;4799;0,3;8199;4230;0,52;8202;4230;0,52;2137;1048;0,49;276;39;0,14;540506;26131298;48,35;537419;462921;0,86;519784;188402;0,36;0;0;0;8794;3162;0,36;0;0;0;8431;3030;0,36
da 55.000 a 60.000;55000-60000;394426;52276;10766;0,21;89858;7366;0,08;288;6872;23,86;290169;757823;2,61;235379;11597512;49,27;142565;6328843;44,39;8441;77536;9,19;19673;708634;36,02;1068;3094;2,9;1193;34215;28,68;3174;140558;44,28;19900;921905;46,33;37673;1176926;31,24;88;388;4,41;27;240;8,9;1517;17362;11,44;20270;93427;4,61;2843;18511;6,51;10189;20210;1,98;18631;694546;37,28;915;2817;3,08;2960;178939;60,45;103;1986;19,29;3063;138045;45,07;18389;996339;54,18;502;8082;16,1;18891;894571;47,35;3057;182051;59,55;117;2311;19,76;19285;1027026;53,26;615;8699;14,14;56460;520926;9,23;33751;289581;8,58;1048;17537;16,73;81615;142020;1,74;55491;100801;1,82;18475;25710;1,39;211041;158453;0,75;16654;5819;0,35;394426;22631379;57,38;394294;21803290;55,3;274880;192015;0,7;176358;904238;5,13;394132;20708255;52,54;394092;6172693;15,66;366035;594120;1,62;391352;5587827;14,28;375800;5495474;14,62;376462;92400;0,25;41503;115674;2,79;96531;447344;4,63;293591;726887;2,48;80314;264751;3,3;82603;664149;8,04;19531;13922;0,71;1581;573;0,36;2915;14042;4,82;3676;24377;6,63;50450;156430;3,1;58875;30746;0,52;176358;904238;5,13;73499;27925;0,38;296;240;0,81;347209;155985;0,45;244657;294024;1,2;91910;84849;0,92;0;0;0;68169;27272;0,4;56;21;0,38;6;6;1;86;612;7,11;284;1127;3,97;987;2059;2,09;319673;501393;1,57;64264;93172;1,45;13885;30072;2,17;427;502;1,17;38;39;1,03;4144;5416;1,31;79;175;2,22;108846;34506;0,32;56363;29888;0,53;34721;56257;1,62;8705;12800;1,47;0;0;0;2448;2100;0,86;36364;8801;0,24;6615;12878;1,95;14251;1923;0,13;57964;17644;0,3;346621;807760;2,33;11523;3447;0,3;236;283;1,2;11972;3733;0,31;6257;3933;0,63;6263;3933;0,63;1695;925;0,55;236;32;0,14;390711;20569461;52,65;389105;369317;0,95;376031;149028;0,4;0;0;0;5904;2140;0,36;0;0;0;5680;2063;0,36
da 60.000 a 70.000;60000-70000;543444;73736;15614;0,21;126446;10830;0,09;442;11835;26,78;402239;1190708;2,96;319091;17481076;54,78;192307;9393685;48,85;17132;155550;9,08;37785;1558011;41,23;1764;5395;3,06;1880;67199;35,74;5248;272523;51,93;30628;1606760;52,46;57653;2029805;35,21;127;475;3,74;52;362;6,96;2651;37200;14,03;30018;147278;4,91;4665;32344;6,93;15137;31912;2,11;35957;1528306;42,5;1501;4996;3,33;4929;342850;69,56;118;2647;22,43;5047;266140;52,73;28531;1726317;60,51;651;5943;9,13;29182;1562568;53,55;5097;351144;68,89;151;3089;20,46;29811;1772980;59,47;817;6984;8,55;82146;833283;10,14;47379;442432;9,34;1657;33526;20,23;116422;226262;1,94;65699;121948;1,86;23692;34957;1,48;301027;258115;0,86;23433;9090;0,39;543444;35136289;64,65;543277;33826987;62,26;379696;278344;0,73;265138;1547825;5,84;543051;32002552;58,93;543004;9961742;18,35;505004;901613;1,79;539090;9072850;16,83;516738;8783270;17;520713;289766;0,56;64905;197761;3,05;142161;795720;5,6;400633;1153798;2,88;115978;463064;3,99;136644;1174941;8,6;32542;23298;0,72;2259;797;0,35;3742;17684;4,73;5561;40987;7,37;74903;242790;3,24;82405;47329;0,57;265138;1547825;5,84;99061;27727;0,28;359;366;1,02;478060;226605;0,47;345738;460433;1,33;133024;138210;1,04;0;0;0;100552;41747;0,42;51;16;0,31;4;9;2,24;122;983;8,06;526;2381;4,53;1568;3136;2;439149;727955;1,66;86906;129578;1,49;19820;43675;2,2;658;796;1,21;42;43;1,03;5725;7686;1,34;118;289;2,45;154261;51221;0,33;79262;43664;0,55;49667;85886;1,73;11738;17274;1,47;0;0;0;3243;2793;0,86;50957;12490;0,25;9737;19273;1,98;20406;2977;0,15;80086;26126;0,33;477194;1171996;2,46;16519;5825;0,35;468;930;1,99;17236;6759;0,39;9127;5493;0,6;9132;5493;0,6;2468;1307;0,53;330;56;0,17;538066;31774888;59,05;536284;581264;1,08;518378;232046;0,45;0;0;0;7500;2718;0,36;0;0;0;7232;2631;0,36
da 70.000 a 75.000;70000-75000;203983;28605;6765;0,24;48848;4458;0,09;139;5047;36,31;152344;488832;3,21;116859;7068890;60,49;73271;3975444;54,26;8923;83432;9,35;18297;859247;46,96;791;2232;2,82;728;30194;41,48;2231;128626;57,65;11788;694758;58,94;22561;890896;39,49;49;178;3,64;18;150;8,32;1117;16737;14,98;12255;63655;5,19;2051;14794;7,21;5828;12628;2,17;17458;844671;48,38;693;2070;2,99;2109;160854;76,27;51;1900;37,25;2160;126274;58,46;10955;736869;67,26;279;2202;7,89;11234;674892;60,08;2164;163779;75,68;67;2279;34,02;11464;758268;66,14;324;2528;7,8;31826;344733;10,83;17912;174836;9,76;652;14373;22,04;44498;92889;2,09;19170;35780;1,87;7451;11432;1,53;117311;106905;0,91;9053;3761;0,42;203983;14775270;72,43;203923;14241303;69,84;143699;109650;0,76;108031;698488;6,47;203844;13434141;65,9;203828;4340782;21,3;190364;365506;1,92;202422;3980444;19,66;194152;3815605;19,65;196472;164917;0,84;26244;87960;3,35;56108;362950;6,47;150316;488633;3,25;44482;207730;4,67;59984;537902;8,97;14350;10314;0,72;932;367;0,39;1325;6877;5,19;2501;20870;8,34;29899;102452;3,43;31731;19706;0,62;108031;698488;6,47;37931;6757;0,18;136;155;1,14;180018;89496;0,5;132563;190177;1,43;51806;59572;1,15;0;0;0;39250;16670;0,42;18;4;0,23;4;4;1;58;586;10,1;210;933;4,44;594;1153;1,94;165421;286610;1,73;32028;49261;1,54;7603;16881;2,22;241;275;1,14;19;18;0,96;2114;2931;1,39;39;119;3,05;59332;20537;0,35;30171;16928;0,56;19833;36185;1,82;4418;6493;1,47;0;0;0;1238;1082;0,87;19247;4720;0,25;4066;8016;1,97;7908;1227;0,16;30215;10450;0,35;179693;461848;2,57;6485;2427;0,37;202;607;3;6770;3035;0,45;3662;2364;0,65;3662;2364;0,65;991;633;0,64;139;22;0,16;202053;13341089;66,03;201706;248502;1,23;194949;98153;0,5;0;0;0;2375;893;0,38;0;0;0;2307;858;0,37
da 75.000 a 80.000;75000-80000;172753;24959;6213;0,25;42514;3954;0,09;126;3876;30,76;129791;437656;3,37;97950;6286582;64,18;61837;3548314;57,38;9808;86921;8,86;17734;912476;51,45;695;1973;2,84;693;30604;44,16;2008;124876;62,19;10135;642969;63,44;19263;814628;42,29;78;237;3,03;17;86;5,08;1027;17246;16,79;10803;56890;5,27;1827;15054;8,24;4977;12014;2,41;16989;898327;52,88;589;1809;3,07;1890;156410;82,76;45;951;21,14;1935;122011;63,06;9500;678435;71,41;185;1889;10,21;9685;625189;64,55;1955;160452;82,07;53;3266;61,62;9894;697140;70,46;241;2222;9,22;27098;306191;11,3;15487;156240;10,09;530;11844;22,35;38088;82407;2,16;12895;24268;1,88;5163;8092;1,57;102082;99402;0,97;7786;3365;0,43;172753;13375869;77,43;172697;12901586;74,71;122143;95082;0,78;96706;653803;6,76;172646;12153198;70,39;172637;4005788;23,2;161461;326231;2,02;171498;3684107;21,48;164568;3505219;21,3;166766;178922;1,07;23075;80476;3,49;49173;348762;7,09;127029;441234;3,47;38191;195227;5,11;56466;509878;9,03;13346;9544;0,72;900;384;0,43;1084;5463;5,04;2296;18759;8,17;26463;92692;3,5;27189;17083;0,63;96706;653803;6,76;32704;3807;0,12;107;114;1,07;152489;78015;0,51;113735;171664;1,51;44963;55492;1,23;***;***;***;33981;14670;0,43;20;4;0,2;0;0;0;47;478;10,17;193;985;5,1;501;1002;2;139680;248461;1,78;26997;42400;1,57;6336;14128;2,23;250;300;1,2;11;14;1,29;1795;2420;1,35;54;159;2,94;51017;18002;0,35;25740;14782;0,57;17747;32920;1,85;3777;5587;1,48;0;0;0;997;868;0,87;16351;4031;0,25;3755;7397;1,97;6742;1130;0,17;25614;9466;0,37;152174;402174;2,64;5455;2020;0,37;177;534;3,02;5680;2554;0,45;3258;2373;0,73;3261;2374;0,73;880;580;0,66;129;22;0,17;171118;12066304;70,51;170924;227204;1,33;165241;89122;0,54;0;0;0;1853;712;0,38;0;0;0;1778;683;0,38
da 80.000 a 90.000;80000-90000;269856;40217;9983;0,25;68062;6501;0,1;189;5957;31,52;204121;732192;3,59;151706;10522474;69,36;94754;5781311;61,01;20207;193792;9,59;33686;1922001;57,06;1041;3213;3,09;1071;55353;51,68;3484;241280;69,25;16258;1133011;69,69;31514;1457101;46,24;128;488;3,81;21;328;15,64;1765;33897;19,21;18284;96821;5,3;3537;28367;8,02;7621;19524;2,56;32418;1895441;58,47;868;2928;3,37;3293;300854;91,36;74;1362;18,4;3367;236045;70,11;15219;1182799;77,72;337;2505;7,43;15556;1102085;70,85;3400;307682;90,49;84;1511;17,99;15854;1215418;76,66;404;2869;7,1;44541;519459;11,66;25132;259632;10,33;954;21955;23,01;62286;139642;2,24;10672;19586;1,84;4828;7323;1,52;163341;170339;1,04;12581;5731;0,46;269856;22857251;84,7;269769;22056203;81,76;191690;154162;0,8;160033;1175510;7,35;269694;20727213;76,85;269679;7001704;25,96;251888;546004;2,17;267941;6463364;24,12;257316;6071225;23,59;261378;392180;1,5;38356;143858;3,75;82392;649704;7,89;196373;749111;3,81;62320;355294;5,7;99110;925366;9,34;22969;16458;0,72;1396;575;0,41;1552;7731;4,98;3921;35612;9,08;44545;161669;3,63;43288;28099;0,65;160033;1175510;7,35;31764;3324;0,1;140;140;1;238615;125982;0,53;180937;290531;1,61;73164;97655;1,33;***;***;***;54891;23990;0,44;29;6;0,22;4;5;1,14;90;922;10,24;378;1914;5,06;772;1535;1,99;218107;397723;1,82;41961;67729;1,61;9802;22189;2,26;365;435;1,19;28;35;1,24;2799;3934;1,41;76;212;2,79;82644;30134;0,36;40220;23292;0,58;29661;57487;1,94;6010;8846;1,47;0;0;0;1524;1332;0,87;24967;6137;0,25;6291;12569;2;10839;1814;0,17;40498;15115;0,37;238139;649157;2,73;8896;3801;0,43;311;1102;3,54;9266;4905;0,53;5158;3323;0,64;5161;3324;0,64;1407;976;0,69;227;36;0,16;267340;20579413;76,98;267061;392461;1,47;258328;152886;0,59;0;0;0;2641;1009;0,38;0;0;0;2569;987;0,38
da 90.000 a 100.000;90000-100000;191912;29771;7817;0,26;50022;5229;0,1;120;4488;37,4;145934;587084;4,02;106965;8188605;76,55;63402;4047468;63,84;16664;229331;13,76;30348;2008486;66,18;757;2243;2,96;890;56725;63,74;2770;218671;78,94;11868;932744;78,59;24331;1246838;51,24;113;441;3,9;32;445;13,89;1503;34564;23;14164;81761;5,77;3086;24788;8,03;5587;15472;2,77;29187;1981389;67,89;636;1979;3,11;2616;270393;103,36;49;1126;22,98;2665;213478;80,1;11124;967245;86,95;223;2358;10,57;11347;907976;80,02;2709;277360;102,38;61;1363;22,34;11590;992993;85,68;278;2750;9,89;34077;425877;12,5;19204;212197;11,05;709;17894;25,24;47228;114402;2,42;3118;5568;1,79;1732;2404;1,39;119594;124346;1,04;9229;4506;0,49;191912;18177937;94,72;191858;17521968;91,33;136299;114001;0,84;120116;1005695;8,37;191801;16403312;85,52;191789;5689429;29,67;179350;427755;2,39;190586;5267204;27,64;182730;4841106;26,49;186330;426182;2,29;29953;118816;3,97;65274;591330;9,06;136122;587801;4,32;48141;309904;6,44;77726;806330;10,37;18368;13643;0,74;1013;429;0,42;1026;5551;5,41;3084;29346;9,52;34136;128816;3,77;30608;21579;0,7;120116;1005695;8,37;14660;933;0,06;117;123;1,05;169795;94011;0,55;131111;228333;1,74;54611;81964;1,5;0;0;0;41044;18456;0,45;27;5;0,18;***;***;***;62;952;15,35;319;1763;5,53;606;1204;1,99;153884;287987;1,87;30078;50066;1,66;7324;16789;2,29;296;365;1,23;24;31;1,28;2064;2935;1,42;50;171;3,43;61851;23470;0,38;29424;17463;0,59;22614;46168;2,04;4353;6382;1,47;0;0;0;1087;960;0,88;18364;4563;0,25;5035;10105;2,01;7762;1382;0,18;28863;11561;0,4;169447;480561;2,84;6779;2987;0,44;377;3502;9,29;7201;6489;0,9;3722;2533;0,68;3725;2535;0,68;1046;753;0,72;145;29;0,2;190048;16275048;85,64;189913;315052;1,66;183231;121082;0,66;0;0;0;1833;671;0,37;0;0;0;1782;655;0,37
da 100.000 a 120.000;100000-120000;239355;38431;11351;0,3;64337;7058;0,11;151;5491;36,36;182689;878309;4,81;127832;10878437;85,1;76477;5101486;66,71;20989;410696;19,57;49186;3890255;79,09;1001;3087;3,08;1382;110335;79,84;4046;372382;92,04;15878;1441004;90,75;34192;2020282;59,09;197;771;3,92;34;464;13,65;2403;63296;26,34;18658;122798;6,58;4225;42198;9,99;7126;22314;3,13;47723;3848040;80,63;865;2860;3,31;3849;458926;119,23;61;922;15,12;3910;364269;93,16;14928;1487950;99,68;327;6822;20,86;15255;1404984;92,1;3973;469300;118,12;73;1088;14,9;15488;1525150;98,47;390;7154;18,34;46288;639757;13,82;25664;316361;12,33;1012;28536;28,2;63244;171957;2,72;1780;3042;1,71;1102;1356;1,23;154197;180012;1,17;11865;6335;0,53;239355;26089927;109;239291;25105272;104,92;169683;148749;0,88;159034;1587730;9,98;239213;23369888;97,69;239200;8338960;34,86;223593;603616;2,7;237735;7742505;32,57;227438;6831002;30,03;232919;911574;3,91;40287;176849;4,39;95796;1041659;10,87;162831;807187;4,96;67047;508231;7,58;109463;1303123;11,9;25106;19151;0,76;1278;572;0,45;1200;6709;5,59;4422;48078;10,87;46230;182485;3,95;37610;27613;0,73;159034;1587730;9,98;3362;300;0,09;180;205;1,14;211346;121652;0,58;166738;326917;1,96;71530;122813;1,72;0;0;0;54096;25577;0,47;27;6;0,21;***;***;***;76;1256;16,52;505;3272;6,48;767;1617;2,11;190067;365496;1,92;36341;62784;1,73;9407;21783;2,32;404;491;1,22;22;30;1,36;2556;3725;1,46;74;247;3,34;81367;32139;0,39;37071;22606;0,61;29745;64445;2,17;5520;8059;1,46;0;0;0;1259;1118;0,89;22581;5636;0,25;6694;13658;2,04;10191;1887;0,19;36653;16559;0,45;210839;620924;2,95;8645;3900;0,45;483;4841;10,02;9138;8742;0,96;4828;3766;0,78;4831;3766;0,78;1364;1181;0,87;252;48;0,19;236868;23160327;97,78;236745;454266;1,92;228353;172714;0,76;0;0;0;2009;821;0,41;0;0;0;1960;800;0,41
da 120.000 a 150.000;120000-150000;183358;30260;10623;0,35;50598;6415;0,13;143;6491;45,39;140694;811026;5,76;96320;9766178;101,39;54678;3758417;68,74;14259;421694;29,57;45487;4441943;97,65;735;3021;4,11;1097;115343;105,14;4168;478977;114,92;13048;1446413;110,85;30394;2243458;73,81;183;816;4,46;28;674;24,06;2506;86532;34,53;14807;125624;8,48;3214;45111;14,04;5423;19860;3,66;44231;4394080;99,34;621;2718;4,38;3957;570437;144,16;53;1890;35,65;4010;467088;116,48;12253;1482972;121,03;279;1999;7,17;12532;1408759;112,41;4094;584339;142,73;74;2139;28,91;12714;1522400;119,74;334;2810;8,41;37914;613527;16,18;20281;286946;14,15;873;30466;34,9;50617;163919;3,24;765;1277;1,67;491;585;1,19;121570;161503;1,33;9969;6401;0,64;183358;24428379;133,23;183307;23497441;128,19;129757;120256;0,93;127634;1524013;11,94;183242;21854217;119,26;183240;8080434;44,1;171509;546081;3,18;182120;7540580;41,4;173608;6282867;36,19;178819;1257729;7,03;32635;170724;5,23;84364;1228849;14,57;117248;706826;6,03;58826;571904;9,72;91577;1272646;13,9;22586;18041;0,8;956;481;0,5;837;4714;5,63;3847;46231;12,02;37889;156442;4,13;28560;25458;0,89;127634;1524013;11,94;122;21;0,18;123;125;1,02;161933;96074;0,59;130629;299304;2,29;58429;120759;2,07;***;***;***;45084;22423;0,5;26;4;0,17;***;***;***;71;1367;19,25;622;4841;7,78;630;1160;1,84;144058;293246;2,04;28369;51616;1,82;7544;17471;2,32;323;414;1,28;32;30;0,94;2021;3164;1,57;69;334;4,84;67462;28022;0,42;29434;18707;0,64;23638;54309;2,3;4318;6306;1,46;0;0;0;934;836;0,89;17679;4434;0,25;5532;11355;2,05;8111;1685;0,21;28181;13522;0,48;161561;505666;3,13;7292;3894;0,53;381;3139;8,24;7670;7034;0,92;3829;3337;0,87;3829;3337;0,87;1214;938;0,77;232;57;0,24;181326;21646714;119,38;181264;430603;2,38;174570;161988;0,93;0;0;0;1332;570;0,43;0;0;0;1305;563;0,43
da 150.000 a 200.000;150000-200000;133835;22798;8551;0,38;37879;5000;0,13;125;8880;71,04;102951;748269;7,27;70659;9109916;128,93;38437;2858050;74,36;8709;363221;41,71;34427;4371398;126,98;572;3064;5,36;884;118497;134,05;3936;597188;151,72;9740;1394889;143,21;25635;2479205;96,71;166;876;5,28;31;740;23,89;2344;107399;45,82;10609;119759;11,29;2852;58505;20,51;3895;18349;4,71;33629;4329769;128,75;506;2900;5,73;3755;699533;186,29;44;1480;33,63;3799;582017;153,2;9127;1399414;153,33;208;1814;8,72;9335;1351132;144,74;3883;718345;185;53;1801;33,98;9501;1445643;152,16;239;2138;8,94;29288;562172;19,19;15038;247888;16,48;676;28390;42;38316;148801;3,88;292;467;1,6;229;262;1,14;92184;150608;1,63;8188;6151;0,75;133835;22923210;171,28;133796;22084761;165,06;94220;94553;1;95414;1286715;13,49;133760;20704091;154,79;133758;7933742;59,31;125377;486438;3,88;133066;7451765;56;126468;5905548;46,7;130550;1546225;11,84;24314;152279;6,26;66362;1381157;20,81;81641;604676;7,41;46583;624111;13,4;67904;1073962;15,82;20388;17022;0,83;769;431;0,56;551;3617;6,56;3340;45668;13,67;28957;125166;4,32;21828;20849;0,96;95414;1286715;13,49;39;27;0,69;128;120;0,94;118344;69529;0,59;98234;272195;2,77;45952;116136;2,53;0;0;0;36380;19596;0,54;17;4;0,22;0;0;0;74;1575;21,28;616;5958;9,67;501;1298;2,59;104903;235493;2,24;20270;38938;1,92;5775;14143;2,45;222;267;1,2;16;22;1,37;1461;2299;1,57;49;132;2,7;51856;22581;0,44;21606;14448;0,67;17847;43591;2,44;3274;4805;1,47;0;0;0;707;639;0,9;12578;3177;0,25;4150;8686;2,09;6388;1470;0,23;20865;12414;0,59;118026;403300;3,42;5475;3085;0,56;236;1496;6,34;5725;4582;0,8;3157;2843;0,9;3158;2843;0,9;935;885;0,95;193;43;0,22;132472;20513476;154,85;132432;412994;3,12;127300;154169;1,21;0;0;0;822;401;0,49;0;0;0;802;392;0,49
da 200.000 a 300.000;200000-300000;86279;15463;6905;0,45;25326;4147;0,16;89;7686;86,36;66222;655253;9,89;45227;8056900;178,14;22454;1671322;74,43;4397;261625;59,5;23163;4308264;186;368;1949;5,3;518;104586;201,9;3443;749662;217,74;6323;1247064;197,23;19992;2701359;135,12;123;749;6,09;23;1054;45,84;2358;162989;69,12;6976;110172;15,79;2057;70930;34,48;2717;20781;7,65;22667;4272227;188,48;328;1746;5,32;3318;859341;258,99;***;***;***;3361;736909;219,25;5912;1235130;208,92;156;2779;17,81;6068;1206322;198,8;3393;873601;257,47;***;***;***;6150;1276199;207,51;173;2862;16,54;20102;471903;23,48;9823;204935;20,86;454;19191;42,27;25676;123589;4,81;124;169;1,36;95;112;1,18;61307;125879;2,05;6074;5691;0,94;86279;20580824;238,54;86264;19884795;230,51;59755;65788;1,1;63420;983362;15,51;86246;18835852;218,4;86243;7468964;86,6;79835;407851;5,11;85870;7063800;82,26;81327;5203417;63,98;84308;1860384;22,07;16990;150451;8,86;46794;1539969;32,91;48855;517764;10,6;33504;693694;20,7;45175;812396;17,98;16065;14652;0,91;530;331;0,62;330;2367;7,17;2617;45130;17,25;19967;89112;4,46;14287;19374;1,36;63419;983362;15,51;13;5;0,37;56;69;1,24;73120;41680;0,57;64761;231704;3,58;32410;109712;3,39;0;0;0;26136;15673;0,6;13;4;0,31;0;0;0;45;1356;30,14;611;6778;11,09;367;869;2,37;66611;165976;2,49;12716;26188;2,06;3889;9818;2,52;190;254;1,34;10;15;1,5;978;1608;1,64;49;202;4,12;34165;15560;0,46;14217;10041;0,71;10823;27782;2,57;1883;2765;1,47;0;0;0;417;384;0,92;7862;1986;0,25;2211;4741;2,14;4499;1201;0,27;13080;7569;0,58;75363;276180;3,66;3662;2411;0,66;121;636;5,25;3777;3046;0,81;2146;2012;0,94;2146;2012;0,94;645;625;0,97;146;71;0,48;85484;18676554;218,48;85470;378562;4,43;82200;140703;1,71;0;0;0;525;263;0,5;0;0;0;516;258;0,5
oltre 300.000;oltre 300000;59553;11544;6757;0,59;18752;3689;0,2;54;9249;171,28;44738;707200;15,81;31701;15223433;480,22;13235;1108374;83,75;1751;252505;144,21;16556;7084849;427,93;411;3882;9,45;404;199055;492,71;3703;1850523;499,74;3155;1142635;362,17;16461;5509080;334,67;158;951;6,02;26;9342;359,3;3007;949006;315,6;4983;215297;43,21;1990;253505;127,39;1823;28469;15,62;16208;7017360;432,96;375;3737;9,97;3570;1961569;549,46;46;1142;24,82;3616;1820440;503,44;2791;1051146;376,62;120;4492;37,44;2911;1043522;358,48;3652;1994047;546,01;51;1225;24,02;3026;1150506;380,21;129;4653;36,07;14668;481602;32,83;6227;171789;27,59;271;9977;36,81;18007;120404;6,69;***;***;***;46;56;1,22;44550;152433;3,42;5277;8695;1,65;59553;34979479;587,37;59545;34316112;576,31;39303;53133;1,35;44525;881409;19,8;59532;33381755;560,74;59531;13893926;233,39;53856;476405;8,85;59342;13430972;226,33;56161;9356048;166,59;57888;4074924;70,39;13518;232295;17,18;34530;2882615;83,48;31122;646045;20,76;25393;1612446;63,5;29994;687402;22,92;16042;16937;1,06;376;294;0,78;234;2067;8,83;2268;71470;31,51;13611;63426;4,66;10927;39813;3,64;44525;881409;19,8;***;***;***;35;38;1,1;47344;34021;0,72;45414;283862;6,25;24479;121773;4,97;0;0;0;20018;15139;0,76;6;2;0,39;0;0;0;40;2055;51,38;914;18592;20,34;257;916;3,56;44715;142444;3,19;8135;19344;2,38;2664;7499;2,81;106;133;1,26;6;3;0,56;569;993;1,75;61;647;10,61;22376;10807;0,48;9452;7308;0,77;6503;18293;2,81;1325;1956;1,48;0;0;0;223;207;0,93;4691;1195;0,25;1082;2356;2,18;3382;1302;0,39;8774;5776;0,66;50722;220282;4,34;2561;2375;0,93;116;792;6,83;2664;3167;1,19;1717;2112;1,23;1717;2112;1,23;499;799;1,6;110;40;0,37;59041;33089010;560,44;59025;683571;11,58;56925;254101;4,46;0;0;0;347;200;0,58;0;0;0;339;196;0,58
TOTALE;;42570078;3982955;607593;0,15;6534505;457119;0,07;37842;279738;7,39;19409454;26224021;1,35;23796529;554265157;23,29;14507098;308403863;21,26;395737;3793334;9,59;511532;35993535;70,36;24896;100516;4,04;534221;1918507;3,59;104069;6397472;61,47;1027422;26700498;25,99;1617202;37692411;23,31;2709;11921;4,4;1042;16417;15,76;46511;1662238;35,74;1166415;3900219;3,34;119532;854958;7,15;302080;508535;1,68;489022;35534085;72,66;21659;92103;4,25;91253;7597674;83,26;8105;285006;35,16;99358;6271257;63,12;860079;29020993;33,74;92892;1365656;14,7;952971;25849460;27,13;94514;7752644;82,03;9555;326887;34,21;909779;29956268;32,93;117643;1612859;13,71;1976894;13724469;6,94;1108560;7432597;6,7;30761;438863;14,27;2895838;3717182;1,28;2192644;2995166;1,37;476143;419835;0,88;13072863;7439572;0,57;843978;235693;0,28;41389198;1027673058;24,83;41239907;1006063281;24,4;18546400;9565842;0,52;7364246;29455625;4;40427268;968183215;23,95;39834151;263984873;6,63;39763728;79252028;1,99;33540428;189939933;5,66;34042455;187765943;5,52;28789002;2176662;0,08;2250834;3917709;1,74;4405681;16500952;3,75;23856133;27550586;1,15;5299303;9426500;1,78;3260245;20716084;6,35;659629;535621;0,81;55202;26265;0,48;306584;1388902;4,53;123999;786131;6,34;2315592;5301639;2,29;1881300;700983;0,37;7364245;29455625;4;5649747;3943833;0,7;35902378;54542912;1,52;24889531;7834696;0,31;10918126;9178001;0,84;3200571;2441475;0,76;1545804;273593;0,18;2210519;820341;0,37;78021;43755;0,56;1341;1628;1,21;2434;16539;6,8;8457;55627;6,58;66548;99627;1,5;22785945;25953912;1,14;3559905;4845917;1,36;862664;1723955;2;17945;20418;1,14;1226;1252;1,02;181207;220341;1,22;3780;7067;1,87;5378914;1507510;0,28;2951526;1332405;0,45;1836199;2407339;1,31;496152;732415;1,48;116437;221529;1,9;157777;131354;0,83;1627063;371655;0,23;280679;522041;1,86;543890;65886;0,12;2995872;814664;0,27;24870553;40886134;1,64;364775;111070;0,3;6554;20567;3,14;378194;131771;0,35;487093;173591;0,36;487244;173597;0,36;100480;38394;0,38;6596;1048;0,16;32979931;924705502;28,04;31996181;15231255;0,48;28604535;6346585;0,22;5037048;4365227;0,87;6239334;4125385;0,66;1684132;1148223;0,68;2312470;1085991;0,47
